node_name,"LFP peak (avg, mV)","LFP peak (std, mV)","early spike median timing
(avg, ms)","early spike median timing
(std, ms)",early spike num (avg),early spike num (std),"early spike first timing
(avg, ms)","early spike first timing
(std, ms)","sustained spike median timing
(avg, ms)","sustained spike median timing
(std, ms)",sustained spike num (avg),sustained spike num (std),"sustained spike first timing
(avg, ms)","sustained spike first timing
(std, ms)","pre-stim spont FR (avg, Hz)","pre-stim spont FR (std, Hz)",Spike width (ms),Spike asymmetry (a.u.),CV2 (a.u.),ACG rise time (s),cohort
"(Cohort_SST_WC Mice_JPCM08449 Fov_only Cell_001, Template_PassivePuff_JuxtaCellular_FromJS_202509 Day_250304 Session_250304_001_152605)",-2.7320334136710613,3.0314440769443034,4.4900000000325235,0.6500000000073669,0.09523809523809523,0.2935435239509036,4.4900000000325235,0.6500000000073669,290.15250000001913,133.82442473723404,1.380952380952381,2.0113059125659882,214.1450000000276,136.0073627602471,3.25,5.078139423056441,2.9309986829352,-0.004380761450436744,0.9974164543126789,0.0145,SST_WC
"(Cohort_SST_WC Mice_JPCM08449 Fov_only Cell_004, Template_PassivePuff_JuxtaCellular_FromJS_202509 Day_250304 Session_250304_004_165758)",-3.69793471012427,1.7877290836121573,25.391041666678642,1.7564387378830209,1.52,0.7547184905645283,24.131666666680946,1.5793370620442877,262.4900000000166,94.08018205107163,3.84,3.0023990407672327,149.32571428572518,100.4775693315499,3.16,2.6180909075125713,2.941027565997689,-0.0061455253209683975,1.0439677863290422,0.019500000000000003,SST_WC
"(Cohort_SST_WC Mice_JPCM08450 Fov_only Cell_005, Template_PassivePuff_JuxtaCellular_FromJS_202509 Day_250227 Session_250227_005_165639)",-3.555726545910266,1.2755968758754053,26.252500000026657,2.966663740631608,0.6428571428571429,0.6102859818083951,26.115000000025645,3.2282928925351193,299.41954545458054,113.31844500935534,3.0714285714285716,4.096414559697048,230.72181818185362,138.56174743138513,0.16666666666666666,0.372677996249965,2.756608078937809,-0.029656645764384294,1.1005071027720714,0.018500000000000003,SST_WC
"(Cohort_SST_WC Mice_JPCM08451 Fov_only Cell_005, Template_PassivePuff_JuxtaCellular_FromJS_202509 Day_250225 Session_250225_005_162028)",-3.251713304522244,1.137469014574041,20.960312500035272,4.82124383223136,0.8461538461538461,0.8177035240565115,19.815000000036775,6.014929342888738,309.5920000000217,64.29152584905853,5.384615384615385,2.7883952246756705,176.1120000000153,62.15889329773656,2.6923076923076925,1.7490487693695496,2.7176795002207,0.0020586611261941452,0.8552486138175505,8.8355,SST_WC
"(Cohort_PV_JUX Mice_JPCM09145 Fov_only Cell_001, Template_PassivePuff_JuxtaCellular_FromJS_202509 Day_250710 Session_250710_001_143803)",-0.7751996023029146,0.3724279764285997,24.066250000016964,6.6759665732809825,1.95,0.49749371855331004,19.11500000001638,7.633749078926411,203.708750000024,58.00278327104792,11.25,5.494315243958978,60.96750000001805,25.020588896947245,10.7,4.050925820105819,0.2515149087797,0.1590419806256197,0.8910096953295588,0.021500000000000002,PV_JUX
"(Cohort_PV_JUX Mice_JPCM09145 Fov_only Cell_003, Template_PassivePuff_JuxtaCellular_FromJS_202509 Day_250710 Session_250710_003_150531)",-1.1743539342299911,0.4995076174753184,20.985625000020747,3.5846019980351445,3.8,1.307669683062202,12.35500000002503,7.0179965089685385,155.01750000002303,69.65384317286508,8.925,6.030702695374727,63.09250000002038,38.67514374569156,25.525,9.4630531542415,0.23386514645539222,0.23871460129317265,0.7483582509997613,0.009500000000000001,PV_JUX
"(Cohort_PV_JUX Mice_JPCM09145 Fov_only Cell_004, Template_PassivePuff_JuxtaCellular_FromJS_202509 Day_250710 Session_250710_004_152309)",-1.1784060360435962,0.3940178929028893,18.967500000030668,2.725503393864275,2.731707317073171,1.514553628903417,14.83625000003741,5.293278609469582,219.98207317076475,62.67530790272909,21.170731707317074,6.3395869644037965,68.99853658539608,34.90071790168799,37.073170731707314,13.929071623332398,0.2722614505485316,0.27831736223632664,0.6912059943066122,0.009500000000000001,PV_JUX
"(Cohort_PV_JUX Mice_JPCM09145 Fov_only Cell_006, Template_PassivePuff_JuxtaCellular_FromJS_202509 Day_250710 Session_250710_006_155841)",-0.9814541321628321,0.4182178533143489,21.337560975625504,2.553535359386629,4.2926829268292686,1.5810447678674977,14.275365853678998,6.408419042342179,252.75829268295075,78.98447594159639,19.048780487804876,7.344987404768278,104.84609756099486,62.88682070925321,29.585365853658537,14.761478559290563,0.5546345300687742,0.1309139282274794,0.7191400970537586,0.009500000000000001,PV_JUX
"(Cohort_PV_JUX Mice_JPCM09146 Fov_only Cell_001, Template_PassivePuff_JuxtaCellular_FromJS_202509 Day_250716 Session_250716_001_175121)",-1.2501468505972104,0.4208441968118196,23.13166666666433,4.769299971926035,2.6666666666666665,0.9428090415820634,17.62666666666538,7.700854209471261,90.86833333333146,47.56565275724375,5.533333333333333,2.6549743668986507,49.20999999999746,13.666245521970971,17.8,7.240626123938914,0.36612519835467705,0.1914643207718787,0.8947214402413842,0.0165,PV_JUX
"(Cohort_PV_JUX Mice_JPCM09146 Fov_only Cell_002, Template_PassivePuff_JuxtaCellular_FromJS_202509 Day_250716 Session_250716_002_180309)",-1.6054339356350336,0.5629266291253616,22.079189189204534,2.638677625794159,4.5675675675675675,1.1977578273600182,14.419729729750058,6.005138109212725,161.32581081082304,84.33202189506716,9.513513513513514,4.051170145416592,76.05486486488184,51.387863832871645,26.83783783783784,13.894415587358973,0.471244264437568,0.14681789174163157,0.7329204535347247,0.009500000000000001,PV_JUX
"(Cohort_PV_JUX Mice_JPCM09146 Fov_only Cell_003, Template_PassivePuff_JuxtaCellular_FromJS_202509 Day_250716 Session_250716_003_182416)",-0.8058836961630917,0.5856611025732742,22.040000000004056,1.8000000000029104,0.1111111111111111,0.31426968052735443,22.040000000004056,1.8000000000029104,,,0.0,0.0,,,0.6,0.7999999999999999,0.8229314420799468,0.029506457012107707,1.42614946066384,0.0075,PV_JUX
"(Cohort_PV_JUX Mice_JPCM09146 Fov_only Cell_004, Template_PassivePuff_JuxtaCellular_FromJS_202509 Day_250716 Session_250716_004_183503)",-0.8563654474717816,0.3801622773784298,22.024558823539014,4.442802402509864,3.6470588235294117,1.411764705882353,13.757647058839366,6.765862433101515,162.77602941177267,75.61841614295687,18.88235294117647,12.201168473172013,48.50470588236282,10.146286841898661,35.35294117647059,14.270253621022455,0.41160432662913715,0.14759623016791076,0.6454984438230593,0.0075,PV_JUX
"(Cohort_PV_JUX Mice_JPCM09146 Fov_only Cell_005, Template_PassivePuff_JuxtaCellular_FromJS_202509 Day_250716 Session_250716_005_185107)",-1.486105383319778,0.5849606927117758,22.427857142871638,4.152010577639042,4.142857142857143,2.058332989066043,14.941428571443844,7.813244119676186,138.89714285715837,83.3349512019876,17.114285714285714,13.583122781223613,50.192857142874104,14.054658317023051,39.2,31.408643032497555,0.3347150736088914,0.1795704858080288,0.6369192205052809,0.009500000000000001,PV_JUX
"(Cohort_PV_JUX Mice_JPCM09147 Fov_only Cell_002, Template_PassivePuff_JuxtaCellular_FromJS_202509 Day_250717 Session_250717_002_153645)",-2.130606716696437,0.5841607385742611,21.860967741945284,4.085354925818027,4.064516129032258,1.6051426199515777,13.820645161302762,5.83633885211593,232.0698387096879,52.16717019296692,32.16129032258065,9.91283551828068,46.77225806452959,10.93208911053084,24.225806451612904,9.032949282307111,0.29242865613126917,0.25413668614693624,0.7469004091073213,0.0145,PV_JUX
"(Cohort_PV_JUX Mice_JPCM09147 Fov_only Cell_003, Template_PassivePuff_JuxtaCellular_FromJS_202509 Day_250717 Session_250717_003_155119)",-2.2207010456682053,0.8623098849608183,20.16583333335783,4.160591320825672,3.3333333333333335,1.5347819244295116,14.236666666695896,6.972397164694136,246.56583333335834,42.00444692893004,32.1,9.893937537704593,66.14333333335101,44.49131738016298,23.6,17.60795274868717,0.3085476326408838,0.1835856016682976,0.7216160305391565,0.0165,PV_JUX
"(Cohort_PV_JUX Mice_JPCM09147 Fov_only Cell_004, Template_PassivePuff_JuxtaCellular_FromJS_202509 Day_250717 Session_250717_004_160804)",-2.0929260366124423,0.7767955232579011,20.696617647069065,5.701890517315923,2.411764705882353,1.2394886768062046,16.769411764718043,7.606161566227792,163.94367647060068,50.12374874936953,20.852941176470587,11.520141831595183,55.92382352942635,15.483158405322035,19.647058823529413,13.665935221093651,0.280102173627247,0.16931338508104474,0.7982605839633147,0.0075,PV_JUX
"(Cohort_PV_JUX Mice_JPCM09147 Fov_only Cell_005, Template_PassivePuff_JuxtaCellular_FromJS_202509 Day_250717 Session_250717_005_162239)",-2.325187544597341,0.8671519466592599,20.518260869569733,2.9678284436765567,4.739130434782608,1.593939372158553,12.58782608696438,5.885344330016652,179.0041304347906,82.49296966951917,23.695652173913043,14.935905913075189,51.47478260870618,15.313765012744568,26.91304347826087,14.101843985121885,0.2751184633537155,0.21317530158616704,0.7657502964844447,0.006500000000000001,PV_JUX
"(Cohort_PV_JUX Mice_JPCM09147 Fov_only Cell_006, Template_PassivePuff_JuxtaCellular_FromJS_202509 Day_250717 Session_250717_006_170547)",-0.7889382948581644,0.34544376074392186,21.549285714293475,4.25356609091109,2.263157894736842,1.1850873946523897,17.215714285721923,7.142032238079697,298.0011842105399,59.85679090694178,14.973684210526315,6.334894350073473,112.80184210527311,75.58401254147849,25.026315789473685,13.532586095295784,0.27859142224689787,0.11869703465478447,0.7477488252326938,0.0145,PV_JUX
"(Cohort_PV_JUX Mice_JPCM09239 Fov_only Cell_001, Template_PassivePuff_JuxtaCellular_FromJS_202509 Day_250805 Session_250805_001_145715)",-1.2026576883784401,0.4608662824308018,20.409117647073526,4.331455819414678,3.0,0.9701425001453319,13.663529411779924,5.862746737493482,193.1620588235436,31.213317155036943,22.294117647058822,6.433046171525796,55.79294117648501,21.660430652596926,25.41176470588235,10.627704215201566,0.30021551253817247,0.1910845671384743,0.6973723409973058,0.009500000000000001,PV_JUX
"(Cohort_PV_JUX Mice_JPCM09239 Fov_only Cell_002, Template_PassivePuff_JuxtaCellular_FromJS_202509 Day_250805 Session_250805_002_151011)",-1.6538882659564054,0.0,20.140000000026248,0.0,3.0,0.0,16.340000000013788,0.0,166.64000000002943,0.0,10.0,0.0,75.04000000000133,0.0,22.0,0.0,0.23338137725908611,0.23300364829812426,0.7436608198492441,0.013500000000000002,PV_JUX
"(Cohort_PV_JUX Mice_JPCM09239 Fov_only Cell_003, Template_PassivePuff_JuxtaCellular_FromJS_202509 Day_250805 Session_250805_003_153258)",-0.9178728590524824,0.3848529263306261,21.908589743603468,3.6491205383552523,2.58974358974359,1.3533993046560664,15.811794871814444,7.578383520141146,229.38802631580677,85.92452038471733,23.82051282051282,11.655023776217472,62.79526315790618,50.39492950355244,21.23076923076923,10.673382993994416,0.2649641258626079,0.16941693124936286,0.7359835764649265,0.0115,PV_JUX
"(Cohort_PV_JUX Mice_JPCM09239 Fov_only Cell_004, Template_PassivePuff_JuxtaCellular_FromJS_202509 Day_250805 Session_250805_004_154900)",-1.1341416861533298,0.5639790254331303,20.118125000023745,4.315527696221651,2.1176470588235294,1.0782531046954917,16.230625000019927,7.277452738380102,260.86720588236705,81.69334886519653,10.352941176470589,7.287710658608684,131.0032352941331,73.90482682321421,19.352941176470587,13.453366849408928,0.27839183786481625,0.22431131861058565,0.8098053779814554,0.0075,PV_JUX
"(Cohort_PV_JUX Mice_JPCM09240 Fov_only Cell_001, Template_PassivePuff_JuxtaCellular_FromJS_202509 Day_250804 Session_250804_001_151457)",-1.21131469091242,0.8339207195219254,23.566612903272063,5.159238251322158,2.34375,1.2896068926227093,18.56580645166574,7.347688587256781,281.3407812500408,107.8670093152287,34.375,16.337743877292237,63.29937500003524,54.54256428109088,24.53125,11.412669426453217,0.3070198394646467,0.13963777392650378,0.770613395156629,0.019500000000000003,PV_JUX
"(Cohort_PV_JUX Mice_JPCM09244 Fov_only Cell_002, Template_PassivePuff_JuxtaCellular_FromJS_202509 Day_250806 Session_250806_002_154609)",-1.1133278017844699,0.7588793561618462,20.7399999999944,3.995544393450211,1.625,1.1110243021644486,17.747142857136364,6.666088410299383,342.52863636363105,106.50334254445282,2.375,2.394655507583502,253.90363636363006,157.72383674539213,14.25,6.628536791781426,0.2628759155118726,0.22748459734686932,0.833783720825228,0.018500000000000003,PV_JUX
"(Cohort_PV_JUX Mice_JPCM09244 Fov_only Cell_003, Template_PassivePuff_JuxtaCellular_FromJS_202509 Day_250806 Session_250806_003_161157)",-1.1677068553229903,0.5917102366165314,23.465892857148063,4.393976610397121,1.9666666666666666,1.1396880664852505,20.872142857147477,5.677150541007379,279.34166666667437,81.21748783701007,17.4,6.824465791058912,98.65500000000817,76.47623067550589,22.866666666666667,14.228453496037048,0.4038687325385277,0.12959485298098491,0.738268635371268,0.0125,PV_JUX
"(Cohort_PV_JUX Mice_JPCM09244 Fov_only Cell_004, Template_PassivePuff_JuxtaCellular_FromJS_202509 Day_250806 Session_250806_004_162507)",-0.8625211123426408,0.38569427113226906,22.839166666675226,5.134829936050606,2.0606060606060606,1.0992943725586093,16.638333333343525,9.184810679713154,178.6725757575839,87.7662892773593,17.545454545454547,14.53958214790964,52.579393939398734,12.773586368889035,20.303030303030305,9.449979472431925,0.2821630030588602,0.18222976134812166,0.7679956894082307,0.0155,PV_JUX
"(Cohort_PV_JUX Mice_JPCM09244 Fov_only Cell_006, Template_PassivePuff_JuxtaCellular_FromJS_202509 Day_250806 Session_250806_006_165746)",-0.8081326034218465,0.3216037504225843,21.25071428572909,3.4405579163137148,3.142857142857143,1.0182016960688838,15.211428571441436,6.046076481180702,279.9468181818315,99.09748247588182,6.914285714285715,4.073408040108982,140.46727272728555,105.04037037117513,18.542857142857144,12.29016530667127,0.28635856190424225,0.2003719884690012,0.7632175398263811,0.013500000000000002,PV_JUX
"(Cohort_PV_JUX Mice_JPCM09245 Fov_only Cell_004, Template_PassivePuff_JuxtaCellular_FromJS_202509 Day_250807 Session_250807_004_154346)",-1.8355639730908637,0.8866266595470603,23.590000000022354,4.400568145161641,0.061224489795918366,0.2397416351932802,23.590000000022354,4.400568145161641,,,0.0,0.0,,,0.0,0.0,0.22077017759791487,0.3172001183221391,1.051950618273986,0.026500000000000003,PV_JUX
"(Cohort_PV_JUX Mice_JPCM09245 Fov_only Cell_005, Template_PassivePuff_JuxtaCellular_FromJS_202509 Day_250807 Session_250807_005_161110)",-1.601571382579813,0.5066423875111521,19.1358333333298,0.9220015214494939,3.5,0.5,15.97333333333199,0.8498365855986633,92.72749999999874,26.41041757053528,2.5,2.29128784747792,66.85250000000221,18.59426574915071,10.5,5.057996968497839,0.5083552590682382,0.15055704475442114,0.9405764543127827,0.009500000000000001,PV_JUX
"(Cohort_PV_JUX Mice_JPCM09245 Fov_only Cell_006, Template_PassivePuff_JuxtaCellular_FromJS_202509 Day_250807 Session_250807_006_161750)",-0.9688441553501913,0.5204486434766421,17.629583333329535,2.738126989335142,3.230769230769231,1.2498520622516862,11.214999999997607,4.952040825087808,201.2284615384553,112.84818282482182,9.615384615384615,8.081683578775875,109.73999999999452,109.10614274464817,30.46153846153846,21.988162495780053,0.8423609662721139,0.07837937183051202,0.7237947656174172,0.0125,PV_JUX
"(Cohort_PV_JUX Mice_JPCM09245 Fov_only Cell_007, Template_PassivePuff_JuxtaCellular_FromJS_202509 Day_250807 Session_250807_007_162744)",-1.128175338458804,0.34332514849785095,19.20176470589574,3.0869282948546126,2.9705882352941178,1.0706043954824291,14.16058823530682,6.474101319043542,217.56812500001132,79.44052997516084,12.676470588235293,8.305634473888242,97.07593750001209,55.710388442113555,17.058823529411764,10.229545376795441,0.3494608795640368,0.15060240897820185,0.7715824054566132,0.0125,PV_JUX
"(Cohort_PV_JUX Mice_JPCM09245 Fov_only Cell_008, Template_PassivePuff_JuxtaCellular_FromJS_202509 Day_250807 Session_250807_008_164133)",-1.4267911315068371,0.47588458874389156,20.191724137942828,2.245608079794571,3.7586206896551726,1.2772592536173886,12.700344827597267,7.4673008938790355,281.13285714286843,78.48257337765513,15.344827586206897,11.021220478347326,163.20785714286754,101.94843690937059,26.310344827586206,11.163683264004984,0.42012320633327804,0.17022811581774125,0.716640989051101,0.0155,PV_JUX
"(Cohort_PYR_JUX Mice_JPCM08142 Fov_only Cell_003, Template_PassivePuff_JuxtaCellular_FromJS_202509 Day_241120 Session_241120_003_170621)",-1.6355237188744483,0.5457817443736206,22.47529411766055,1.739930247578696,1.9473684210526316,1.0989796325169001,19.378235294131148,5.9033024010999045,278.87000000000626,125.46239914811017,0.3157894736842105,0.5668594533825793,268.26000000000363,125.86766701579921,2.0,2.406132515928939,0.6197363995808503,0.16036940992030266,1.105488969382452,0.0025,PYR_JUX
"(Cohort_PYR_JUX Mice_JPCM08220 Fov_only Cell_006, Template_PassivePuff_JuxtaCellular_FromJS_202509 Day_241218 Session_241218_006_163658)",-1.3772239810084268,0.45218437827555685,19.101111111128134,2.4989750985577226,1.2857142857142858,0.6998542122237651,18.04833333334462,1.5658907653018928,,,0.0,0.0,,,0.05555555555555555,0.2290614236454256,1.7292972275941936,0.021425391655765468,1.5076291563555209,0.0035,PYR_JUX
"(Cohort_PYR_JUX Mice_JPCM08220 Fov_only Cell_007, Template_PassivePuff_JuxtaCellular_FromJS_202509 Day_241218 Session_241218_007_165058)",-1.115329466874323,0.2676674759850361,19.626538461577727,1.2681230597682867,0.7142857142857143,0.628138378965377,19.370769230809294,1.5664190496497854,410.55250000000854,57.15811357906463,0.47619047619047616,0.9571310115353231,391.42333333334517,81.51293183020366,0.47058823529411764,0.6960093862470136,2.2071420939946726,-0.021620683040439993,1.4072375402084298,0.013500000000000002,PYR_JUX
"(Cohort_PYR_JUX Mice_JPCM08356 Fov_only Cell_007, Template_PassivePuff_JuxtaCellular_FromJS_202509 Day_250131 Session_250131_007_160656)",-0.4805631190624661,0.29838566486256257,21.890000000013288,1.863129088386641,0.13793103448275862,0.3448275862068966,21.890000000013288,1.863129088386641,263.99000000003525,0.0,0.034482758620689655,0.18246560765962697,263.99000000003525,0.0,0.16666666666666666,0.372677996249965,2.560851063828445,0.0196382476266637,1.1247807286174083,0.2465,PYR_JUX
"(Cohort_PYR_JUX Mice_JPCM08358 Fov_only Cell_002, Template_PassivePuff_JuxtaCellular_FromJS_202509 Day_250128 Session_250128_002_170315)",-0.887363396069576,0.39799091180589125,22.732857142852733,1.8992110338272323,0.9047619047619048,0.7499055118106488,22.093571428567113,1.7962723590156775,,,0.0,0.0,,,0.13333333333333333,0.4988876515698589,1.7392663242837547,0.05204360868868993,1.4459897681122427,0.0035,PYR_JUX
"(Cohort_PYR_JUX Mice_JPCM08358 Fov_only Cell_002, Template_PassivePuff_JuxtaCellular_FromJS_202509 Day_250128 Session_250128_002_170924)",-0.6355710603679096,0.28914056095402224,22.28999999999718,1.8847624639334166,0.7647058823529411,0.6443794794178425,21.962727272724244,2.0789927233640877,50.190000000014834,0.0,0.029411764705882353,0.1689577248981773,50.190000000014834,0.0,0.16129032258064516,0.3677985242255284,2.1851627787735275,0.04158042624098524,1.308660654479576,0.0035,PYR_JUX
"(Cohort_PYR_JUX Mice_JPCM08541 Fov_only Cell_007, Template_PassivePuff_JuxtaCellular_FromJS_202509 Day_250327 Session_250327_007_155611)",-1.505593757159856,0.6705484150822985,20.879285714293363,1.8624991439499499,0.5,0.6123724356957945,20.597142857150782,1.9743766776628924,,,0.0,0.0,,,0.5,0.806225774829855,1.3826232790981487,0.01894989611529995,1.3171465102447895,0.0125,PYR_JUX
"(Cohort_PYR_JUX Mice_JPCM08541 Fov_only Cell_008, Template_PassivePuff_JuxtaCellular_FromJS_202509 Day_250327 Session_250327_008_160809)",-1.7156268982886802,0.8705953775147451,,,0.0,0.0,,,197.02750000001146,118.18750000001188,0.1875,0.5266343608235224,188.46500000000077,109.6250000000012,1.2222222222222223,2.7799991118215117,1.9037657286652114,-0.0020494015874042318,1.1597067497575704,0.006500000000000001,PYR_JUX
"(Cohort_PYR_JUX Mice_JPCM08543 Fov_only Cell_006, Template_PassivePuff_JuxtaCellular_FromJS_202509 Day_250326 Session_250326_006_164755)",-1.3900512456144123,0.5435269168951052,22.88642857144753,1.2912084989527828,0.3076923076923077,0.5384615384615384,22.63285714287479,1.4541636210331848,,,0.0,0.0,,,1.25,3.307189138830738,2.014488348529846,-0.010991031943271038,1.2072887874929261,0.0105,PYR_JUX
"(Cohort_PYR_JUX Mice_JPCM08543 Fov_only Cell_007, Template_PassivePuff_JuxtaCellular_FromJS_202509 Day_250326 Session_250326_007_170504)",-1.0481604299124931,0.457688081453074,23.0665151515268,2.2301560907639564,1.7027027027027026,0.6922296472900378,21.62333333334509,2.3558330787513007,231.9550000000504,149.07049305614595,0.32432432432432434,0.9315506994385993,206.9400000000428,157.58556405966317,2.0588235294117645,3.772510292899756,2.592760886795023,-0.042742100885612304,1.0741723719471346,0.0165,PYR_JUX
"(Cohort_PYR_JUX Mice_JPCM09244 Fov_only Cell_005, Template_PassivePuff_JuxtaCellular_FromJS_202509 Day_250806 Session_250806_005_164227)",-0.5486708677162275,0.30430488059231503,25.05000000001587,1.555442059358412,0.125,0.33071891388307384,25.05000000001587,1.555442059358412,,,0.0,0.0,,,0.0,0.0,0.6577872340422084,-0.1123567854382431,1.259916619543065,,PYR_JUX
"(Cohort_SST_JUX Mice_JPCM08141 Fov_only Cell_001, Template_PassivePuff_JuxtaCellular_FromJS_202509 Day_241122 Session_241122_001_161653)",-0.8669174776291783,0.35767952037402706,20.414999999996297,0.9317322576764916,0.2857142857142857,0.45175395145262565,20.414999999996297,0.9317322576764916,167.4899999999937,0.0,0.07142857142857142,0.25753937681885636,167.4899999999937,0.0,0.0,0.0,0.7462174940894434,0.33276175934696217,1.2468775437333124,0.0075,SST_JUX
"(Cohort_SST_JUX Mice_JPCM08141 Fov_only Cell_002, Template_PassivePuff_JuxtaCellular_FromJS_202509 Day_241122 Session_241122_002_162524)",-1.4588126740689633,0.6756131385515656,21.665000000041346,0.07499999998117346,0.125,0.33071891388307384,21.665000000041346,0.07499999998117346,,,0.0,0.0,,,0.14285714285714285,0.3499271061118826,0.9341666666571771,0.012449366161971813,1.3094118301341178,0.026500000000000003,SST_JUX
"(Cohort_SST_JUX Mice_JPCM08141 Fov_only Cell_003, Template_PassivePuff_JuxtaCellular_FromJS_202509 Day_241122 Session_241122_003_163737)",-1.600785903694104,0.6409476746243248,22.15500000001782,1.5748095122989396,0.6666666666666666,0.9428090415820632,20.56500000001904,5.726178917918563,268.4800000000216,46.85424367120145,23.666666666666668,7.246236023477052,82.3425000000185,55.70091443369759,1.55,1.8567444627627139,0.6665297043508022,0.06011197171207663,0.8678651414841446,0.0615,SST_JUX
"(Cohort_SST_JUX Mice_JPCM08141 Fov_only Cell_004, Template_PassivePuff_JuxtaCellular_FromJS_202509 Day_241122 Session_241122_004_165211)",-1.1497086422055096,0.4514307051942102,20.910454545478594,5.016255600322677,0.6842105263157895,0.6531407182100452,20.512727272752976,4.897233153713375,282.54263157897475,75.3106342943163,20.736842105263158,10.294822946577812,106.55842105265229,59.00083677043287,2.9473684210526314,4.285516418067849,0.5358016763498362,0.17884886756668653,0.9087208127301653,0.026500000000000003,SST_JUX
"(Cohort_SST_JUX Mice_JPCM08141 Fov_only Cell_005, Template_PassivePuff_JuxtaCellular_FromJS_202509 Day_241122 Session_241122_005_171531)",-1.6049119553468596,0.7194215138783785,25.34937499999912,5.316629828600556,0.6666666666666666,0.699205898780101,24.852499999997946,5.657227125544416,316.7733333333359,65.37089672697104,31.8,10.864007854685427,131.86000000000294,110.1858154815442,2.3333333333333335,2.9589788028229527,0.6970343151777298,0.057035912506512916,0.8928142210512852,0.0335,SST_JUX
"(Cohort_SST_JUX Mice_JPCM08141 Fov_only Cell_006, Template_PassivePuff_JuxtaCellular_FromJS_202509 Day_241122 Session_241122_006_172846)",-1.157237537556994,0.42753385197064847,23.34000000000458,0.0,0.07142857142857142,0.25753937681885636,23.34000000000458,0.0,,,0.0,0.0,,,0.0,0.0,1.6736990154667672,-0.17023371650080502,1.220986855118592,,SST_JUX
"(Cohort_SST_JUX Mice_JPCM08141 Fov_only Cell_007, Template_PassivePuff_JuxtaCellular_FromJS_202509 Day_241122 Session_241122_007_174227)",-0.43427439678128815,0.20860608924201277,23.760312500019865,5.1990249893478175,1.0869565217391304,1.017799992236489,22.72750000001622,5.182346838067013,269.4009375000217,104.09578933334974,4.0,3.7532594530273458,164.84625000002495,116.39156954409445,2.090909090909091,2.9834252875312615,0.3267027761180619,0.11231771228356902,1.0223203271088024,0.0235,SST_JUX
"(Cohort_SST_JUX Mice_JPCM08142 Fov_only Cell_001, Template_PassivePuff_JuxtaCellular_FromJS_202509 Day_241120 Session_241120_001_164404)",-0.4531124495455788,0.23212330130877384,,,0.0,0.0,,,91.29000000007181,0.0,0.06666666666666667,0.24944382578492943,91.29000000007181,0.0,0.5,0.8660254037844386,1.5650069568515235,-0.45410083925283945,1.2582086659747842,0.0025,SST_JUX
"(Cohort_SST_JUX Mice_JPCM08142 Fov_only Cell_002, Template_PassivePuff_JuxtaCellular_FromJS_202509 Day_241120 Session_241120_002_165812)",-1.2769293935646824,0.613608828142747,22.530000000023165,0.4874935897041304,0.75,1.0103629710818451,20.870000000024902,1.241209087915911,282.73375000001977,91.21008266462557,3.1666666666666665,3.104656001699526,176.3650000000112,72.10725951663517,1.5555555555555556,3.3701668640229117,0.5763669640811437,0.0888662252930162,1.1531470930680126,0.0075,SST_JUX
"(Cohort_SST_JUX Mice_JPCM08143 Fov_only Cell_002, Template_PassivePuff_JuxtaCellular_FromJS_202509 Day_241119 Session_241119_002_165958)",-1.06442340169102,0.3394318737690226,23.156666666674635,1.298610368382582,1.75,1.3919410907075054,21.256666666682616,1.0422998075615055,325.1025000000087,39.27844908470528,25.75,6.359048670988452,136.1400000000117,72.00617595038716,4.625,3.42554740151118,0.782036540240108,0.07940265625991447,0.8465400114011907,0.026500000000000003,SST_JUX
"(Cohort_SST_JUX Mice_JPCM08143 Fov_only Cell_003, Template_PassivePuff_JuxtaCellular_FromJS_202509 Day_241119 Session_241119_003_170741)",-0.8326647577749929,0.31810377457037314,27.172500000001776,4.44837119066734,1.4,0.66332495807108,26.209999999997535,4.363553597698115,233.0625000000012,62.38314320592063,20.2,5.192301994298868,63.92999999999631,29.886082044992808,3.3,3.1,0.5324371762487042,0.08842688403460083,0.927776465259612,0.021500000000000002,SST_JUX
"(Cohort_SST_JUX Mice_JPCM08143 Fov_only Cell_005, Template_PassivePuff_JuxtaCellular_FromJS_202509 Day_241119 Session_241119_005_173048)",-1.125811316142342,0.3730886681218317,20.089999999996166,0.39999999999906777,0.5,0.5,20.089999999996166,0.39999999999906777,,,0.0,0.0,,,0.3333333333333333,0.4714045207910317,1.8773323956863743,-0.005370621824760512,1.0548896490420185,0.0315,SST_JUX
"(Cohort_SST_JUX Mice_JPCM08145 Fov_only Cell_001, Template_PassivePuff_JuxtaCellular_FromJS_202509 Day_241212 Session_241212_001_154801)",-0.8295785622218903,0.430868427156346,22.13999999992211,0.0,0.03125,0.17399263633843817,22.13999999992211,0.0,56.59000000002834,0.0,0.03125,0.17399263633843817,56.59000000002834,0.0,0.4666666666666667,0.6182412330330469,1.7587539004027004,0.003926284540285027,1.3929270835033865,0.0465,SST_JUX
"(Cohort_SST_JUX Mice_JPCM08145 Fov_only Cell_002, Template_PassivePuff_JuxtaCellular_FromJS_202509 Day_241212 Session_241212_002_164445)",-0.6444435750160928,0.2428122591869352,,,0.0,0.0,,,,,0.0,0.0,,,0.0,0.0,2.2845991561121366,-0.032543698935438056,,,SST_JUX
"(Cohort_SST_JUX Mice_JPCM08145 Fov_only Cell_003, Template_PassivePuff_JuxtaCellular_FromJS_202509 Day_241212 Session_241212_003_170142)",-0.633404844916943,0.27016694143333164,25.63444444446361,4.30749956112593,2.7222222222222223,1.520436909267112,19.531666666682984,6.640014432712985,179.15250000001416,89.3828385257347,15.944444444444445,12.043773044017497,65.82888888890655,43.634477816525376,26.88888888888889,11.953097640773981,0.5166328218581514,0.12026841782645672,0.7044563975571357,0.0075,SST_JUX
"(Cohort_SST_JUX Mice_JPCM08145 Fov_only Cell_004, Template_PassivePuff_JuxtaCellular_FromJS_202509 Day_241212 Session_241212_004_171426)",-0.8121009198581416,0.36873261448239436,22.280909090919852,2.835875540771131,0.5454545454545454,0.5821022034029862,22.14909090910117,2.8054993221122473,257.7900000000135,91.80449367827114,3.227272727272727,1.8569725650741362,155.18761904762965,110.783820458058,4.181818181818182,4.858323351231777,0.44645796063947174,0.16626888420612862,0.9385452066373814,0.0235,SST_JUX
"(Cohort_SST_JUX Mice_JPCM08146 Fov_only Cell_001, Template_PassivePuff_JuxtaCellular_FromJS_202509 Day_241203 Session_241203_001_164511)",-1.7807558480125398,0.7871064755847706,,,0.0,0.0,,,,,0.0,0.0,,,0.0,0.0,0.18153846153486836,0.363899175255038,1.850221650766298,0.009500000000000001,SST_JUX
"(Cohort_SST_JUX Mice_JPCM08146 Fov_only Cell_002, Template_PassivePuff_JuxtaCellular_FromJS_202509 Day_241203 Session_241203_002_172213)",-1.1973544217098473,0.5263755972927218,,,0.0,0.0,,,321.1900000001151,0.0,0.05,0.21794494717703364,321.1900000001151,0.0,0.0,0.0,2.5882352941054854,0.03599742855786648,1.9315566232711532,2.1135,SST_JUX
"(Cohort_SST_JUX Mice_JPCM08217 Fov_only Cell_001, Template_PassivePuff_JuxtaCellular_FromJS_202509 Day_241217 Session_241217_001_150519)",-1.2469169030189906,0.624217504837911,20.64416666667389,3.5327638102232304,1.6,0.48989794855663565,19.19333333334142,4.640957755551366,265.03166666668153,43.18564930108549,12.7,4.947389884238625,126.38166666667797,60.127464721946076,4.266666666666667,3.4247465437443525,2.4572015358684025,-0.061354266039562975,0.8816443900816497,0.0995,SST_JUX
"(Cohort_SST_JUX Mice_JPCM08220 Fov_only Cell_008, Template_PassivePuff_JuxtaCellular_FromJS_202509 Day_241218 Session_241218_008_165058)",-1.1472227442343081,0.266268859790948,19.627500000032683,1.423870166150597,0.7058823529411765,0.6655122646461624,19.295000000033724,1.7611714851381604,391.82124999999957,53.13269172257241,0.47058823529411764,1.0356951095093534,363.1275000000045,80.8681749438375,0.6153846153846154,0.737820234355803,2.2418455812964915,-0.026370507320252968,1.323025051426468,0.013500000000000002,SST_JUX
"(Cohort_SST_JUX Mice_JPCM08220 Fov_only Cell_010, Template_PassivePuff_JuxtaCellular_FromJS_202509 Day_241218 Session_241218_010_172742)",-0.8505056954589597,0.1910994875125537,22.63200000001916,1.2664856888047904,1.4615384615384615,0.634323942402717,21.662000000021635,1.6349972476805683,378.4111538461708,68.87983114857727,1.4230769230769231,2.4046921588216286,331.2784615384754,102.48997353185491,2.230769230769231,2.6934063692325534,0.6239567917949762,0.09940143878803999,0.9392724047254377,0.0915,SST_JUX
"(Cohort_SST_JUX Mice_JPCM08356 Fov_only Cell_003, Template_PassivePuff_JuxtaCellular_FromJS_202509 Day_250131 Session_250131_003_151341)",-0.7603388985146953,0.3538517882692733,24.390000000039436,0.0,0.02127659574468085,0.14430489325798443,24.390000000039436,0.0,,,0.0,0.0,,,0.16666666666666666,0.372677996249965,2.3124024822682916,0.04972395011816525,1.4240445011699066,0.0155,SST_JUX
"(Cohort_SST_JUX Mice_JPCM08356 Fov_only Cell_005, Template_PassivePuff_JuxtaCellular_FromJS_202509 Day_250131 Session_250131_005_155231)",-0.6803868619472132,0.35804095048718143,,,0.0,0.0,,,,,0.0,0.0,,,,,,,,,SST_JUX
"(Cohort_SST_JUX Mice_JPCM08356 Fov_only Cell_008, Template_PassivePuff_JuxtaCellular_FromJS_202509 Day_250131 Session_250131_008_162502)",-0.4818491319966739,0.33341789545017664,23.27666666668888,6.502874578043916,1.2307692307692308,0.696568087549032,21.374444444466356,7.635027630174898,276.0448076923258,38.61994771490454,10.73076923076923,4.25221835595793,101.4592307692497,46.00441361963179,9.846153846153847,3.7384931939147283,1.6604207642216309,0.07369783354519056,0.862695611579827,0.0105,SST_JUX
"(Cohort_SST_JUX Mice_JPCM08356 Fov_only Cell_009, Template_PassivePuff_JuxtaCellular_FromJS_202509 Day_250131 Session_250131_009_163530)",-0.6506438641410365,0.3216686047709775,22.316973684229996,4.017320156042081,1.2439024390243902,0.5751134693927608,21.150526315807802,4.334275236788486,280.37974358976186,52.76769958188449,11.097560975609756,4.782105251510664,117.03102564104512,45.43896141344721,6.825,3.2317758276217114,1.339943831033422,0.10326748499455171,0.9838521576076266,0.0085,SST_JUX
"(Cohort_SST_JUX Mice_JPCM08358 Fov_only Cell_001, Template_PassivePuff_JuxtaCellular_FromJS_202509 Day_250128 Session_250128_001_161914)",-1.8770587338787337,0.7171201534941575,21.84681818184231,1.8424782874283179,1.36,0.7418894796396563,20.75363636366102,1.4850911984597577,184.81125000002407,80.407060975312,2.72,3.053129541961821,145.13250000002245,88.95772770675507,1.76,2.0450916849862746,1.1711462626792506,0.20378871682522878,1.1422603051530553,0.019500000000000003,SST_JUX
"(Cohort_SST_JUX Mice_JPCM08358 Fov_only Cell_001, Template_PassivePuff_JuxtaCellular_FromJS_202509 Day_250128 Session_250128_001_163652)",-1.057324637029533,0.6576000746382727,21.730277777779843,1.5510108462121455,0.625,0.5994789404140899,21.495555555558116,1.4088893270254326,141.75630434782983,96.26956142516542,1.71875,1.789454787777551,89.69869565217729,54.07697945516608,0.53125,0.8654614015078893,0.9195299220439469,0.16042222543688472,1.2516358510376966,0.0465,SST_JUX
"(Cohort_SST_JUX Mice_JPCM08358 Fov_only Cell_003, Template_PassivePuff_JuxtaCellular_FromJS_202509 Day_250128 Session_250128_003_171933)",-1.2249027005292477,0.6484831112403096,23.041785714288007,1.5616630411463803,1.5,1.284523257866513,20.954285714285195,3.2069360416895543,171.91187500001615,75.11140833528638,1.15,1.7399712641305316,98.50875000000414,45.53219285228301,2.6,2.244994432064365,0.8640860921707455,0.21550416536613226,1.12301300728138,0.0155,SST_JUX
"(Cohort_SST_JUX Mice_JPCM08358 Fov_only Cell_004, Template_PassivePuff_JuxtaCellular_FromJS_202509 Day_250128 Session_250128_004_173907)",-1.0687772401053186,0.36755656950377064,23.760833333338855,2.2842949617438713,1.4761904761904763,1.0056529562829941,21.337222222224266,5.178654700420508,281.739999999985,0.0,0.047619047619047616,0.21295885499998,281.739999999985,0.0,0.7368421052631579,1.6809178339654012,1.049743765728116,0.11521198187807957,1.0521076258569717,0.027500000000000004,SST_JUX
"(Cohort_SST_JUX Mice_JPCM08358 Fov_only Cell_005, Template_PassivePuff_JuxtaCellular_FromJS_202509 Day_250128 Session_250128_005_175107)",-0.9347853452296725,0.2249196453834813,25.025416666670353,2.1013626118278066,3.28,1.929144888285999,21.025416666670793,3.3928687212654554,89.32333333332565,57.931357848947314,0.12,0.32496153618543844,89.32333333332565,57.931357848947314,1.36,1.4934523762075578,0.5514652574975091,0.16169696720608512,1.0338409195927032,0.0025,SST_JUX
"(Cohort_SST_JUX Mice_JPCM08359 Fov_only Cell_004, Template_PassivePuff_JuxtaCellular_FromJS_202509 Day_250205 Session_250205_004_171850)",-1.4494288623740141,0.6455341951576024,19.705000000021755,2.9499709441613122,1.1346153846153846,0.9811462322172382,17.790000000018477,5.141775679934092,367.963076923117,101.91556929895104,2.0576923076923075,3.4995244816450617,286.29576923078685,112.72663439191973,14.115384615384615,8.592603810061673,1.2827309873649078,0.07582383696137146,0.8451068408991012,0.0055,SST_JUX
"(Cohort_SST_JUX Mice_JPCM08359 Fov_only Cell_005, Template_PassivePuff_JuxtaCellular_FromJS_202509 Day_250205 Session_250205_005_174144)",-1.2696466269597846,0.5744656715867447,19.476111111135058,5.281395689777003,1.04,0.8236504112789602,17.58166666669246,6.9729885590252545,283.1520000000222,61.54011013964926,5.88,4.150373477170458,181.6580000000272,86.64904255673642,9.0,5.912698199637793,0.8424106428828545,0.1405438028721256,0.8192278726910334,0.0645,SST_JUX
"(Cohort_SST_JUX Mice_JPCM08541 Fov_only Cell_001, Template_PassivePuff_JuxtaCellular_FromJS_202509 Day_250327 Session_250327_001_144206)",-0.6899935339893086,0.17402653287673414,23.17333333333238,1.0338708279513458,0.6,0.48989794855663565,23.17333333333238,1.0338708279513458,202.94999999999277,54.469747566882006,8.4,4.586937976471886,101.39999999999816,11.7993389645324,10.0,5.932958789676531,1.7367096755808493,0.03471538767143335,0.7350998813799838,0.1645,SST_JUX
"(Cohort_SST_JUX Mice_JPCM08541 Fov_only Cell_002, Template_PassivePuff_JuxtaCellular_FromJS_202509 Day_250327 Session_250327_002_144558)",-0.9369971143742933,0.4823583406307312,26.897142857178228,5.996989040445884,0.4117647058823529,0.4921529567847503,26.897142857178228,5.996989040445884,251.25911764708064,88.30048194918803,11.588235294117647,5.811336016578103,96.37529411766617,79.23871559057523,0.5882352941176471,1.2394886768062048,0.6579532266569438,0.13071828079992734,0.953017201137933,0.0305,SST_JUX
"(Cohort_SST_JUX Mice_JPCM08541 Fov_only Cell_004, Template_PassivePuff_JuxtaCellular_FromJS_202509 Day_250327 Session_250327_004_151338)",-0.9563898884288503,0.4484367630453743,23.790000000012412,1.534600925322987,0.7368421052631579,0.6359497880839248,23.402500000012576,1.2586575189462745,309.55184210527426,71.83631447165169,14.421052631578947,4.308080406248657,107.46894736843608,49.54106833247948,3.9473684210526314,3.252103517005349,0.6575128068131945,0.14072167556368928,0.9003548835509573,0.0165,SST_JUX
"(Cohort_SST_JUX Mice_JPCM08541 Fov_only Cell_006, Template_PassivePuff_JuxtaCellular_FromJS_202509 Day_250327 Session_250327_006_153945)",-1.5551047872563468,0.7460038199401761,19.510000000008176,1.355212160516407,0.46153846153846156,0.6343239424027171,19.23000000001025,0.9926731587074588,478.13999999999623,0.0,0.07692307692307693,0.26646935501059654,478.13999999999623,0.0,0.2857142857142857,0.4517539514526256,1.382524822694311,0.011609238904265082,1.2862753629498893,0.0125,SST_JUX
"(Cohort_SST_JUX Mice_JPCM08543 Fov_only Cell_002, Template_PassivePuff_JuxtaCellular_FromJS_202509 Day_250326 Session_250326_002_152046)",-2.2964699081366318,1.013842100440919,15.190000000018244,0.0,0.06666666666666667,0.24944382578492946,15.190000000018244,0.0,221.35250000001605,38.91031555062404,0.6,1.1430952132988164,197.50250000001301,39.39164529122741,0.8181818181818182,1.1922615498730909,1.6890775233739213,-0.02043249770462376,1.1360089157079554,0.006500000000000001,SST_JUX
"(Cohort_SST_JUX Mice_JPCM08543 Fov_only Cell_003, Template_PassivePuff_JuxtaCellular_FromJS_202509 Day_250326 Session_250326_003_152836)",-2.2355230407562074,0.8720469585530451,,,0.0,0.0,,,273.56777777778126,103.10521355261145,0.7083333333333334,1.059841445164742,247.42333333334048,102.97542047607092,0.7058823529411765,1.3179621472004752,2.241525351962412,-0.01586629318635508,1.1998013462264356,0.006500000000000001,SST_JUX
"(Cohort_SST_JUX Mice_JPCM08543 Fov_only Cell_004, Template_PassivePuff_JuxtaCellular_FromJS_202509 Day_250326 Session_250326_004_155940)",-0.16134443296156664,0.47016631839454925,21.87571428571695,2.005521714390541,1.2222222222222223,0.7856742013183862,20.61857142857499,3.1504939683841746,280.6455555555579,49.89406942292301,12.222222222222221,4.825344611246325,103.34555555556018,30.329353625776207,4.888888888888889,4.121608220220313,1.6237036295360698,-0.1669102337710917,0.9264087655713067,0.026500000000000003,SST_JUX
"(Cohort_SST_JUX Mice_JPCM08543 Fov_only Cell_005, Template_PassivePuff_JuxtaCellular_FromJS_202509 Day_250326 Session_250326_005_160854)",-2.1114238804465204,0.9299647333094652,22.291190476195766,3.0556103375888486,1.2,0.6928203230275509,21.549523809527823,2.900312751927024,287.0540000000051,65.28666635691263,7.2,3.63318042491699,126.07600000000274,72.02062693422633,2.28,2.358304475677388,0.5692964012225151,0.2226557971719079,0.9507064188129608,0.0305,SST_JUX
