time,position,direction
10951800.326339,0,
10952623.995664,1,R
10953199.165412,0,L
10953676.180411,-1,L
10953784.248762,-2,L
10953829.839196,-3,L
10953928.042574,-2,R
10954338.636458,-3,L
10954656.932959,-4,L
10954794.935572,-5,L
10955301.416659,-6,L
10955517.053333,-5,R
10955605.888748,-4,R
10955659.221993,-3,R
10955750.437806,-4,L
10956539.746505,-5,L
10957036.465121,-4,R
10957549.197552,-5,L
10957593.12502,-6,L
10957675.349399,-7,L
10957839.249817,-6,R
10957885.5897,-5,R
10958126.146385,-6,L
10958162.292488,-7,L
10958190.871258,-8,L
10958217.177295,-9,L
10958422.044721,-10,L
10958759.243742,-9,R
10958998.039519,-10,L
10959677.495038,-9,R
10959911.665443,-8,R
10960421.101666,-7,R
10969851.332461,-6,R
10969990.685423,-5,R
10970550.182178,-4,R
10980426.012934,-5,L
10980465.999667,-6,L
10980495.158132,-7,L
10980643.687586,-6,R
10980756.605498,-5,R
10980872.583369,-4,R
10981165.45873,-5,L
10981191.577162,-6,L
10981220.419855,-7,L
10981455.903898,-8,L
10981475.34309,-9,L
10981496.821872,-10,L
10981524.148891,-11,L
10981561.63684,-10,R
10981579.207403,-9,R
10981603.490704,-8,R
10981837.889232,-9,L
10981863.561098,-10,L
10981884.762756,-11,L
10982058.709286,-10,R
10982120.150228,-9,R
10982211.636562,-8,R
10982383.274785,-7,R
10982440.079096,-6,R
10982490.243111,-5,R
10983011.761893,-6,L
10983155.348574,-7,L
10983263.371473,-8,L
10983299.947736,-9,L
10983318.74196,-10,L
10983337.175876,-11,L
10983365.073532,-12,L
10983465.44658,-13,L
10983568.464818,-14,L
10983595.341846,-15,L
10983617.500133,-16,L
10983676.24248,-15,R
10983801.558854,-14,R
10983845.972594,-13,R
10983937.495427,-12,R
10984138.198711,-13,L
10984165.814947,-14,L
10984262.040725,-13,R
10984283.264308,-12,R
10984313.106723,-11,R
10984504.632797,-10,R
10985349.781288,-9,R
10985417.241501,-8,R
10985518.173317,-7,R
10985594.281565,-6,R
10985637.408293,-5,R
10985799.231822,-4,R
10985966.083641,-3,R
10986024.682139,-2,R
10986251.815942,-3,L
10986294.382626,-4,L
10986311.78821,-5,L
10986325.578736,-6,L
10986338.530815,-7,L
10986351.376693,-8,L
10986365.143404,-9,L
10986382.154219,-10,L
10986432.681857,-9,R
10986493.119042,-10,L
10986522.201693,-11,L
10986649.804264,-12,L
10986669.069146,-13,L
10986692.621906,-14,L
10986832.577605,-15,L
10987458.026614,-16,L
10987518.728331,-17,L
10987560.973225,-18,L
10987589.799789,-19,L
10987745.569252,-18,R
10987859.255523,-19,L
10987878.241465,-20,L
10987896.217964,-21,L
10987906.389006,-22,L
10987919.465286,-23,L
10987933.780172,-24,L
10987955.375563,-25,L
10988037.185977,-26,L
10988063.057377,-27,L
10988083.804711,-28,L
10988101.573048,-29,L
10988117.488884,-30,L
10988132.608939,-31,L
10988151.653732,-32,L
10988234.061764,-33,L
10988369.623328,-34,L
10988458.722358,-33,R
10988549.085493,-32,R
10988568.116824,-31,R
10988629.894538,-32,L
10988654.224728,-33,L
10988684.784943,-34,L
10989113.393872,-35,L
10989367.487908,-34,R
10991669.704903,-35,L
10995429.685112,-34,R
10997654.419778,-35,L
10998574.084973,-36,L
10998613.681271,-37,L
10998702.139021,-36,R
10998902.784056,-35,R
11003977.919207,-36,L
11004098.409683,-35,R
11004153.711046,-34,R
11004637.513544,-35,L
11007786.749564,-34,R
11008665.295072,-35,L
11008735.484107,-36,L
11008857.441779,-37,L
11008878.248946,-38,L
11008895.348371,-39,L
11008910.417373,-40,L
11008924.183659,-41,L
11008937.199071,-42,L
11008950.633827,-43,L
11008972.575806,-44,L
11009005.546254,-43,R
11009022.437349,-42,R
11009039.881638,-41,R
11009061.527752,-40,R
11009400.400923,-39,R
11009487.52985,-38,R
11009568.108182,-39,L
11009686.990358,-40,L
11010006.30258,-41,L
11011243.008594,-40,R
11011662.925814,-39,R
11013693.414678,-40,L
11015663.068947,-39,R
11020585.833064,-40,L
11020862.04134,-41,L
11021217.475108,-40,R
11021269.646849,-39,R
11022003.836301,-40,L
11022170.729656,-39,R
11022324.3194,-40,L
11022551.387729,-41,L
11023802.527637,-40,R
11026538.598351,-39,R
11033552.992893,-40,L
11043617.524956,-41,L
11047619.974481,-40,R
11047720.388289,-39,R
11047871.161247,-38,R
11048504.936483,-37,R
11050693.43923,-36,R
11051461.582379,-37,L
11052493.937119,-38,L
11052655.314243,-37,R
11053218.393084,-38,L
11054060.251455,-37,R
11054374.808012,-38,L
11057421.293914,-37,R
11060211.936955,-36,R
11062327.537444,-35,R
11062454.780531,-36,L
11062545.72223,-35,R
11063097.085423,-34,R
11063249.537911,-35,L
11063465.847215,-36,L
11064671.32452,-37,L
11077859.352414,-36,R
11084736.566581,-35,R
11085332.443167,-36,L
11085399.698922,-37,L
11085544.424419,-38,L
11085595.448062,-39,L
11085612.981501,-40,L
11085627.113561,-41,L
11085640.131087,-42,L
11085657.367846,-43,L
11085710.860867,-42,R
11085727.269309,-41,R
11085745.105539,-40,R
11085862.669728,-39,R
11086224.721264,-40,L
11086524.889033,-41,L
11086586.93763,-42,L
11086734.051656,-43,L
11086855.7121,-44,L
11087081.095186,-45,L
11087112.766796,-46,L
11087132.581191,-47,L
11087152.706116,-48,L
11087176.726208,-49,L
11087201.61656,-50,L
11087226.280823,-51,L
11087381.276438,-50,R
11087774.033196,-51,L
11087864.789108,-52,L
11087896.098336,-53,L
11087922.06189,-54,L
11088115.814366,-53,R
11088343.754108,-54,L
11089505.422689,-55,L
11090386.296515,-54,R
11095627.144168,-55,L
11095907.386441,-54,R
11096487.502145,-53,R
11097448.929783,-52,R
11101923.555166,-53,L
11102568.135634,-54,L
11102606.012996,-55,L
11102635.247043,-56,L
11102782.396,-57,L
11102828.905417,-58,L
11103084.423654,-57,R
11103450.658495,-56,R
11103496.502073,-55,R
11103545.833954,-54,R
11103615.608016,-53,R
11103648.701118,-52,R
11103744.657693,-51,R
11104403.951991,-52,L
11104621.555719,-53,L
11104652.199925,-54,L
11104673.877321,-55,L
11104727.923167,-54,R
11105381.756092,-53,R
11106720.474493,-52,R
11109337.116184,-53,L
11109459.518843,-52,R
11115600.693822,-53,L
11120498.462477,-54,L
11121216.380156,-55,L
11122059.665422,-54,R
11130674.877005,-55,L
11130855.760156,-56,L
11130905.769713,-57,L
11130953.53485,-58,L
11131052.807534,-59,L
11131076.846479,-60,L
11131101.359527,-61,L
11131188.076859,-60,R
11131225.134406,-59,R
11131431.020688,-60,L
11131652.944698,-61,L
11131695.379086,-62,L
11131788.302392,-61,R
11131832.076514,-60,R
11131906.792003,-61,L
11131938.438247,-62,L
11132239.210464,-61,R
11132271.196905,-60,R
11132305.631261,-59,R
11132376.266181,-60,L
11132460.141105,-59,R
11132708.540589,-60,L
11132737.870803,-61,L
11132779.163565,-62,L
11132957.530506,-63,L
11132986.853646,-64,L
11133066.408395,-63,R
11133105.886006,-62,R
11133479.671895,-61,R
11133745.810242,-60,R
11134387.948936,-59,R
11135112.3102,-58,R
11136060.323277,-57,R
11136776.566477,-58,L
11137176.870859,-57,R
11137591.713222,-58,L
11137607.021057,-59,L
11137622.060805,-60,L
11137641.718205,-61,L
11137939.875236,-62,L
11138133.979859,-63,L
11138156.041565,-64,L
11138179.467245,-65,L
11138274.374088,-66,L
11138343.459779,-67,L
11138374.058321,-68,L
11138400.272595,-69,L
11138429.583458,-70,L
11138652.880835,-71,L
11138923.61069,-70,R
11139435.9067,-69,R
11139999.917515,-68,R
11140364.264369,-67,R
11141819.758564,-66,R
11144684.801017,-65,R
11149245.950721,-64,R
11150180.596808,-63,R
11151055.092995,-62,R
11151137.231086,-61,R
11151468.50212,-60,R
11151761.767347,-59,R
11152881.212172,-60,L
11152915.872323,-61,L
11152939.971194,-62,L
11152960.204287,-63,L
11152983.93361,-64,L
11153185.550614,-65,L
11153393.207113,-64,R
11153451.093632,-63,R
11153478.85747,-62,R
11153611.638424,-63,L
11153657.180384,-64,L
11153870.185058,-63,R
11153903.754896,-62,R
11154040.603587,-63,L
11154220.348973,-64,L
11154265.515978,-65,L
11154768.228486,-64,R
11155159.570168,-63,R
11155194.289132,-62,R
11155221.498147,-61,R
11155567.425755,-62,L
11155630.08972,-63,L
11156162.611826,-62,R
11156786.263518,-61,R
11157405.956899,-60,R
11157568.411136,-61,L
11157597.638243,-62,L
11157666.643253,-61,R
11157699.783692,-60,R
11157907.288623,-59,R
11158288.08712,-58,R
11159608.961879,-57,R
11160003.115345,-56,R
11160298.739087,-57,L
11160328.588145,-58,L
11160356.566257,-59,L
11160390.31998,-60,L
11160500.584553,-61,L
11160538.356107,-62,L
11160566.30396,-63,L
11161040.818498,-64,L
11161097.486282,-65,L
11161202.100074,-66,L
11161401.534549,-65,R
11161745.946895,-64,R
11162036.632233,-63,R
11162401.526261,-62,R
11163789.569801,-61,R
11165886.103796,-60,R
11170185.538446,-59,R
11170493.122651,-58,R
11170602.26221,-57,R
11171134.159493,-58,L
11171296.623384,-59,L
11171542.647157,-60,L
11171566.660512,-61,L
11171590.169803,-62,L
11171624.040414,-63,L
11171711.121562,-64,L
11171840.694009,-63,R
11171982.648366,-64,L
11172037.815422,-65,L
11172067.893328,-66,L
11172089.075107,-67,L
11172105.817528,-68,L
11172121.033774,-69,L
11172141.141167,-70,L
11172224.45885,-69,R
11172977.588976,-68,R
11173539.585907,-67,R
11174098.026742,-66,R
11175297.519165,-65,R
11176382.968642,-64,R
11177739.877468,-63,R
11178536.098612,-64,L
11178578.601243,-65,L
11178662.302365,-64,R
11178691.587287,-63,R
11178936.095148,-64,L
11179951.065278,-63,R
11180643.141398,-62,R
11180761.76463,-61,R
11181042.254953,-62,L
11181153.185721,-63,L
11181204.061249,-64,L
11181464.24433,-63,R
11183012.086484,-62,R
11186680.31272,-61,R
11188310.199916,-60,R
11188545.965838,-59,R
11188775.295384,-58,R
11188857.688292,-57,R
11188993.037484,-56,R
11189492.289652,-57,L
11189541.548563,-58,L
11189565.621066,-59,L
11189586.284412,-60,L
11189609.0167,-61,L
11189721.427905,-62,L
11189996.801053,-61,R
11190381.606741,-62,L
11190541.424707,-61,R
11190619.762026,-62,L
11190689.938242,-63,L
11192472.440778,-62,R
11193402.15749,-61,R
11194804.549293,-60,R
11194849.601618,-59,R
11194877.283867,-58,R
11194913.760449,-57,R
11195082.03194,-56,R
11195132.167761,-55,R
11195369.621118,-56,L
11195426.430144,-57,L
11195491.563142,-58,L
11195525.585326,-59,L
11195641.227785,-58,R
11195764.797038,-57,R
11195786.822395,-56,R
11195805.620018,-55,R
11195826.96224,-54,R
11195857.953223,-53,R
11196035.214414,-54,L
11196063.172047,-55,L
11196089.074237,-56,L
11196120.485731,-57,L
11196218.50186,-56,R
11196903.786781,-55,R
11197979.976947,-54,R
11198289.69076,-53,R
11198338.276944,-52,R
11198423.031104,-51,R
11203569.43532,-52,L
11203613.647421,-53,L
11203641.952085,-54,L
11203664.384491,-55,L
11203681.745474,-56,L
11203698.312047,-57,L
11203722.774321,-58,L
11203860.49801,-59,L
11203891.916281,-60,L
11203917.139874,-61,L
11203944.909419,-62,L
11204003.663224,-61,R
11204349.551721,-62,L
11204540.089476,-63,L
11204780.434393,-62,R
11204828.800786,-61,R
11204995.91147,-60,R
11205026.651791,-59,R
11205047.091809,-58,R
11205068.095853,-57,R
11205181.562337,-58,L
11205253.440707,-59,L
11205278.645708,-60,L
11205294.994508,-61,L
11205310.397214,-62,L
11205327.521387,-63,L
11205340.390549,-64,L
11205351.274823,-65,L
11205362.288076,-66,L
11205377.235976,-67,L
11205406.067019,-68,L
11205528.409409,-69,L
11205558.759182,-70,L
11205578.274088,-71,L
11205591.232878,-72,L
11205602.791157,-73,L
11205615.844427,-74,L
11205631.804937,-75,L
11205652.757371,-76,L
11205742.149352,-77,L
11205776.295442,-78,L
11205965.905197,-77,R
11205999.236154,-76,R
11206016.402938,-75,R
11206028.557891,-74,R
11206038.806233,-73,R
11206048.710655,-72,R
11206059.142864,-71,R
11206070.733421,-70,R
11206083.959335,-69,R
11206110.474663,-68,R
11206462.791242,-69,L
11206669.311768,-68,R
11206939.266269,-67,R
11206967.723542,-66,R
11207016.482427,-65,R
11207201.077241,-64,R
11207236.357569,-63,R
11207272.806374,-62,R
11207295.867027,-61,R
11207316.078068,-60,R
11207333.612122,-59,R
11207351.029457,-58,R
11207376.925445,-57,R
11207460.469722,-56,R
11207500.127448,-55,R
11207536.064337,-54,R
11207668.683716,-53,R
11207799.202895,-52,R
11207924.871333,-51,R
11208296.691227,-50,R
11208511.376616,-51,L
11208550.060008,-52,L
11208577.016902,-53,L
11208667.455382,-54,L
11208704.838984,-55,L
11208741.531673,-56,L
11208776.122421,-57,L
11208806.355308,-58,L
11208837.757191,-59,L
11208870.752951,-60,L
11208903.514234,-61,L
11208934.304647,-62,L
11209006.56477,-63,L
11209077.040797,-62,R
11209126.18686,-63,L
11209217.741301,-64,L
11209297.835459,-63,R
11209430.666446,-64,L
11209578.464425,-65,L
11209609.823772,-66,L
11209736.449655,-67,L
11209856.308167,-66,R
11209977.4091,-67,L
11210221.058771,-68,L
11210761.558453,-67,R
11210795.578489,-66,R
11210819.429442,-65,R
11210842.000086,-64,R
11211087.010955,-63,R
11211133.740675,-62,R
11211214.964405,-63,L
11211264.672513,-64,L
11212419.620581,-65,L
11212462.481505,-66,L
11212611.084507,-65,R
11212804.530451,-64,R
11213395.547672,-63,R
11214727.934754,-62,R
11214777.886469,-63,L
11214797.323136,-64,L
11214848.950745,-63,R
11214868.842681,-62,R
11214888.476825,-61,R
11214984.943599,-60,R
11215019.612013,-59,R
11215125.592605,-58,R
11215757.379367,-59,L
11216197.619001,-60,L
11216362.7738,-61,L
11216497.680231,-62,L
11216586.150972,-63,L
11216620.674629,-64,L
11216647.405324,-65,L
11216699.68905,-64,R
11216740.728009,-63,R
11218148.576477,-62,R
11218297.497012,-61,R
11218325.330741,-60,R
11218442.827096,-59,R
11223344.450324,-58,R
11228230.879147,-57,R
11229187.585875,-58,L
11229223.463915,-59,L
11229330.66182,-58,R
11230793.554053,-57,R
11232343.4106,-58,L
11232732.789104,-57,R
11233657.27873,-56,R
11234088.812452,-57,L
11234143.285917,-58,L
11234336.294377,-57,R
11235043.810261,-58,L
11235121.229215,-57,R
11235206.20684,-56,R
11235306.950129,-55,R
11235387.022422,-54,R
11235517.930304,-53,R
11235654.529707,-52,R
11235891.571591,-53,L
11236174.298661,-54,L
11236300.047382,-55,L
11236339.19812,-56,L
11236366.264309,-57,L
11236391.752102,-58,L
11236584.920097,-59,L
11236682.069529,-58,R
11236902.152272,-59,L
11236951.029065,-60,L
11236989.083157,-61,L
11237122.036482,-62,L
11237556.843626,-61,R
11237682.673234,-62,L
11238345.552008,-61,R
11238368.632384,-60,R
11238395.710351,-59,R
11238442.200634,-58,R
11238519.144227,-57,R
11238547.713888,-56,R
11238568.133945,-55,R
11238594.326373,-54,R
11238814.233398,-53,R
11239306.54221,-54,L
11241374.651732,-53,R
11244202.678349,-52,R
11248018.577187,-51,R
11250376.499816,-50,R
11251254.597428,-49,R
11252553.173599,-50,L
11252581.748464,-51,L
11252601.528848,-52,L
11252639.457276,-53,L
11252805.948284,-54,L
11252841.189874,-55,L
11252871.115214,-56,L
11252902.362417,-57,L
11253227.05496,-58,L
11253300.350828,-59,L
11253363.505093,-60,L
11253395.964847,-61,L
11253415.899339,-62,L
11253597.111512,-61,R
11253786.873745,-60,R
11253863.789841,-61,L
11253974.072823,-60,R
11254371.260249,-59,R
11254539.841125,-58,R
11254599.015447,-57,R
11254648.505582,-56,R
11254774.193938,-55,R
11254809.543045,-54,R
11254902.168973,-53,R
11255119.719086,-52,R
11257802.577861,-51,R
11257919.708565,-50,R
11258392.213956,-51,L
11258437.128641,-52,L
11258459.149186,-53,L
11258602.453505,-54,L
11258749.940319,-53,R
11258843.551951,-52,R
11258921.097166,-51,R
11258973.045181,-50,R
11259505.601211,-49,R
11259611.504536,-48,R
11259849.622724,-47,R
11260466.786891,-46,R
11265799.206785,-45,R
11267562.220226,-44,R
11267608.905434,-43,R
11267654.607846,-42,R
11267687.413317,-41,R
11267709.836521,-40,R
11267728.114175,-39,R
11267746.061613,-38,R
11267766.95168,-37,R
11267788.994021,-36,R
11267810.167028,-35,R
11267829.922357,-34,R
11267851.373265,-33,R
11268052.11398,-32,R
11268413.722388,-31,R
11268658.332438,-30,R
11268712.226509,-29,R
11268911.143389,-28,R
11268944.605292,-27,R
11268975.420171,-26,R
11269203.434258,-25,R
11269236.737257,-24,R
11269306.832614,-23,R
11269403.080865,-22,R
11269450.160713,-21,R
11269508.447998,-20,R
11269554.316055,-19,R
11269919.281418,-20,L
11269998.489177,-21,L
11270036.465161,-22,L
11270286.190301,-21,R
11270425.971782,-20,R
11270467.657511,-19,R
11270515.266516,-18,R
11270893.492055,-19,L
11271001.048758,-20,L
11271030.771936,-21,L
11271153.981195,-22,L
11271299.256943,-23,L
11271567.324605,-24,L
11271995.574549,-23,R
11272807.344637,-22,R
11275105.996531,-21,R
11280010.756361,-20,R
11287540.134343,-19,R
11288218.362552,-20,L
11288259.17041,-21,L
11288283.046903,-22,L
11288315.757895,-23,L
11288678.000081,-22,R
11288775.026321,-21,R
11289235.354874,-22,L
11289270.094699,-23,L
11289338.984211,-22,R
11289361.36738,-21,R
11289666.126654,-22,L
11289806.417001,-21,R
11291696.749127,-20,R
11295689.377262,-19,R
11304983.605132,-20,L
11305429.147736,-21,L
11306270.09519,-20,R
11306405.147714,-21,L
11306448.640763,-22,L
11306476.581254,-23,L
11306538.720321,-22,R
11306558.605594,-21,R
11306637.135629,-22,L
11306688.209221,-23,L
11306719.107137,-24,L
11306742.459474,-25,L
11306760.51193,-26,L
11306776.679309,-27,L
11306793.236386,-28,L
11306811.951329,-29,L
11306842.826394,-30,L
11307049.161553,-29,R
11307244.898395,-30,L
11307329.412243,-31,L
11307385.224578,-32,L
11307522.038625,-33,L
11307619.344028,-32,R
11307656.098668,-31,R
11307752.597976,-30,R
11308157.325594,-31,L
11308233.965832,-32,L
11308383.304605,-33,L
11308509.045583,-32,R
11308586.630285,-31,R
11308840.827671,-30,R
11309209.266512,-29,R
11309895.945049,-28,R
11310513.154269,-27,R
11310582.085782,-26,R
11310618.755275,-25,R
11310800.624843,-24,R
11311352.618572,-23,R
11317023.382232,-22,R
11328017.353148,-23,L
11328381.510599,-22,R
11329496.493345,-23,L
11330496.627646,-24,L
11330540.236251,-25,L
11331206.549955,-24,R
11331958.586711,-23,R
11334776.581066,-22,R
11337516.627236,-23,L
11338195.292548,-22,R
11343520.526749,-21,R
11346297.719905,-20,R
11347229.718959,-21,L
11347559.037225,-20,R
11348140.522191,-19,R
11348718.527333,-18,R
11353009.269578,-19,L
11353548.978019,-20,L
11353573.685203,-21,L
11353595.6914,-22,L
11353618.65232,-23,L
11353643.734422,-24,L
11353673.014353,-25,L
11353698.427634,-26,L
11353719.14256,-27,L
11353748.103793,-28,L
11353839.045804,-27,R
11353867.420178,-26,R
11354067.82165,-27,L
11354098.561498,-28,L
11354120.576528,-29,L
11354138.411878,-30,L
11354155.286301,-31,L
11354172.179632,-32,L
11354189.325476,-33,L
11354210.163806,-34,L
11354293.368908,-35,L
11354427.756695,-36,L
11354617.422406,-35,R
11354719.025958,-34,R
11354745.395925,-33,R
11354767.882669,-32,R
11354806.052433,-31,R
11354969.238771,-32,L
11355142.7691,-33,L
11355177.849682,-34,L
11355264.792435,-33,R
11355401.761952,-32,R
11355685.353082,-31,R
11355930.904705,-30,R
11355988.986298,-29,R
11356040.657901,-28,R
11356279.650981,-27,R
11357635.756741,-26,R
11359376.860451,-25,R
11361092.488127,-24,R
11363326.215217,-23,R
11364430.277969,-24,L
11364470.978889,-25,L
11364590.276703,-26,L
11364618.932942,-27,L
11364640.702404,-28,L
11364660.146649,-29,L
11364679.301493,-30,L
11364708.672719,-31,L
11364771.673054,-30,R
11364888.168772,-29,R
11364919.978322,-28,R
11364950.554711,-27,R
11364972.803478,-26,R
11364998.43983,-25,R
11365038.002882,-24,R
11365694.562212,-23,R
11366703.826711,-22,R
11367428.456856,-23,L
11367540.995723,-24,L
11367899.986738,-23,R
11368777.767563,-24,L
11368824.902122,-25,L
11368911.65364,-24,R
11370321.601952,-23,R
11375845.094521,-22,R
11382296.696531,-23,L
11382332.496359,-24,L
11382385.931357,-23,R
11382416.5603,-22,R
11382637.595541,-23,L
11382678.523921,-24,L
11382898.211762,-25,L
11383248.415246,-24,R
11384750.4346,-23,R
11385235.959675,-22,R
11388145.333948,-21,R
11401538.606271,-20,R
11402841.064773,-21,L
11402880.931026,-22,L
11402905.135536,-23,L
11402927.659577,-24,L
11403003.566358,-23,R
11403549.702829,-24,L
11405149.389414,-23,R
11408623.728333,-24,L
11408644.974861,-25,L
11408658.967951,-26,L
11408671.345145,-27,L
11408683.10298,-28,L
11408694.142292,-29,L
11408705.476043,-30,L
11408718.330117,-31,L
11408736.172746,-32,L
11408796.083031,-31,R
11408831.237947,-30,R
11409138.28477,-31,L
11409585.004737,-30,R
11410183.923335,-31,L
11410324.769661,-30,R
11410643.429897,-29,R
11410674.592813,-28,R
11410758.638869,-27,R
11411138.247797,-26,R
11411420.070483,-27,L
11411655.229987,-26,R
11411768.91571,-27,L
11412086.081586,-26,R
11412469.517499,-25,R
11412905.020437,-24,R
11414807.028604,-23,R
11416253.429213,-24,L
11416306.745955,-25,L
11416414.231017,-24,R
11416469.835328,-23,R
11416559.017363,-22,R
11416632.42747,-21,R
11416657.764718,-20,R
11416680.189095,-19,R
11416701.949872,-18,R
11416721.377342,-17,R
11416741.251989,-16,R
11416763.237429,-15,R
11416965.14439,-14,R
11417023.143823,-13,R
11417113.260359,-12,R
11417256.602157,-11,R
11417313.759495,-10,R
11417354.98989,-9,R
11417390.820385,-8,R
11417410.568923,-7,R
11417425.226204,-6,R
11417436.738859,-5,R
11417447.521009,-4,R
11417461.271845,-3,R
11417481.450948,-2,R
11417684.2688,-3,L
11417795.392517,-4,L
11417939.747685,-5,L
11418039.647538,-6,L
11418250.717494,-7,L
11418284.605416,-8,L
11418302.359232,-9,L
11418320.193305,-10,L
11418343.007452,-11,L
11418584.079848,-10,R
11418649.3477,-11,L
11418694.574743,-10,R
11418724.583107,-9,R
11418759.747486,-8,R
11419046.174551,-9,L
11419090.856659,-10,L
11419180.392298,-9,R
11419326.357104,-8,R
11419388.857897,-9,L
11419417.443806,-10,L
11419458.021362,-11,L
11419691.666711,-10,R
11420257.934429,-9,R
11420726.686601,-8,R
11420971.966734,-7,R
11421002.717269,-6,R
11421162.288117,-5,R
11421247.24286,-4,R
11421289.091484,-3,R
11421344.174102,-2,R
11426514.990601,-3,L
11426593.92531,-4,L
11426924.365259,-5,L
11426958.855743,-6,L
11426997.369967,-7,L
11427058.785837,-8,L
11427383.43245,-7,R
11427492.024678,-6,R
11427559.193995,-5,R
11427600.743348,-4,R
11427904.875474,-5,L
11427931.467347,-6,L
11427951.37516,-7,L
11427967.285844,-8,L
11427981.838442,-9,L
11427998.159878,-10,L
11428056.885465,-9,R
11428213.881825,-10,L
11428241.964762,-11,L
11428260.676875,-12,L
11428279.97831,-13,L
11428297.7752,-14,L
11428319.435498,-15,L
11428340.739822,-16,L
11428401.981399,-15,R
11428439.675916,-14,R
11428482.804572,-13,R
11428544.358625,-12,R
11428580.090549,-11,R
11428609.185709,-10,R
11428670.826537,-9,R
11428690.856478,-8,R
11428706.560758,-7,R
11428720.272076,-6,R
11428732.132983,-5,R
11428743.941688,-4,R
11428755.591471,-3,R
11428766.542025,-2,R
11428777.30925,-1,R
11428787.064326,0,R
11428796.360004,1,R
11428805.184932,2,R
11428813.555609,3,R
11428822.026024,4,R
11428830.280148,5,R
11428838.245388,6,R
11428846.159703,7,R
11428853.804856,8,R
11428861.809225,9,R
11428870.965294,10,R
11428881.251417,11,R
11428891.844904,12,R
11428903.981269,13,R
11428917.295002,14,R
11428935.26374,15,R
11429141.5579,16,R
11429251.847449,17,R
11429318.929472,18,R
11429415.399131,19,R
11429450.522955,20,R
11429702.817552,21,R
11429861.974705,22,R
11429903.285469,23,R
11430258.225035,22,L
11430292.801,21,L
11430320.255598,20,L
11430347.501255,19,L
11430387.440823,18,L
11430425.32391,17,L
11430596.605244,16,L
11430706.164918,15,L
11430739.199893,14,L
11430765.845117,13,L
11430986.064906,12,L
11431260.540199,11,L
11431948.76383,12,R
11432810.931246,13,R
11433693.938589,14,R
11436123.754516,15,R
11440065.993888,16,R
11441206.073175,17,R
11443043.700505,18,R
11444509.053386,19,R
11444974.966349,20,R
11446642.145723,19,L
11447555.204167,20,R
11448331.793625,21,R
11449413.480644,20,L
11450099.292244,19,L
11451113.391157,18,L
11451514.913196,19,R
11451737.339098,18,L
11452374.406536,19,R
11452941.099306,20,R
11454059.578756,21,R
11454219.575435,22,R
11454326.076706,23,R
11454406.066287,24,R
11454570.191519,23,L
11457179.367328,22,L
11457313.781967,23,R
11458800.805804,22,L
11459147.869752,21,L
11459540.417166,22,R
11460914.919403,23,R
11461308.954753,22,L
11461405.901407,21,L
11461480.160502,20,L
11461672.943016,19,L
11461774.166256,18,L
11461829.430633,17,L
11462072.337155,16,L
11462229.969436,17,R
11462713.596819,16,L
11462975.503339,15,L
11463033.979803,14,L
11463138.947678,13,L
11463173.322111,12,L
11463209.532324,11,L
11463320.200278,10,L
11463374.096568,9,L
11463439.05243,8,L
11463563.240576,9,R
11463609.25818,10,R
11463668.914419,11,R
11463731.277885,12,R
11463785.406227,13,R
11463990.060242,12,L
11464247.743526,11,L
11464437.705908,12,R
11464559.954831,11,L
11464611.594589,10,L
11464652.87569,9,L
11464685.460841,8,L
11464831.94796,7,L
11465107.496652,8,R
11465513.91407,7,L
11466390.434643,8,R
11467198.11278,9,R
11467760.340218,10,R
11468637.486226,11,R
11470209.228873,12,R
11471446.655165,13,R
11472686.689318,14,R
11473855.442598,15,R
11474067.351091,16,R
11474743.814848,17,R
11475657.446165,16,L
11475691.141297,15,L
11475729.575913,14,L
11475895.723205,15,R
11477070.050663,16,R
11477673.658336,15,L
11478176.047915,16,R
11479596.242497,17,R
11479699.409241,18,R
11479868.229409,17,L
11482820.155836,18,R
11489110.010623,19,R
11490256.177921,18,L
11491963.898205,17,L
11492510.52169,16,L
11492603.389942,15,L
11492775.729047,14,L
11493162.713803,13,L
11493313.428866,14,R
11493361.628469,15,R
11493524.25594,14,L
11493890.309753,15,R
11494010.8551,16,R
11494236.879687,15,L
11494479.462151,16,R
11494943.462825,17,R
11495258.196205,18,R
11497268.975708,19,R
11498210.44029,18,L
11498788.092721,19,R
11498943.357793,18,L
11499264.119155,19,R
11499347.893651,20,R
11500390.950399,21,R
11502767.826711,22,R
11504204.562859,23,R
11504281.101064,24,R
11504328.238686,25,R
11504350.049818,26,R
11504369.578306,27,R
11504397.178052,28,R
11504467.117454,29,R
11504550.266054,30,R
11504570.840653,31,R
11504591.134257,32,R
11504794.550545,33,R
11504886.051472,34,R
11504922.423887,35,R
11504940.546846,36,R
11504957.263665,37,R
11504972.928059,38,R
11504989.120387,39,R
11505019.149624,40,R
11505219.113329,39,L
11505655.43245,38,L
11505743.041041,37,L
11506076.448818,38,R
11506201.330328,37,L
11506382.255572,38,R
11506511.606535,39,R
11506662.690687,40,R
11507134.565665,41,R
11508320.034829,42,R
11509452.263781,41,L
11510121.136966,42,R
11510991.940728,41,L
11511024.878171,40,L
11511363.468742,41,R
11511563.923661,42,R
11512455.759996,43,R
11515571.164474,44,R
11517556.8776,45,R
11520069.183809,46,R
11530457.172547,47,R
11533275.721415,48,R
11533753.907401,47,L
11533956.078608,46,L
11534765.735436,47,R
11537601.567589,48,R
11541771.151814,49,R
11543234.499399,48,L
11543258.549712,47,L
11543302.417045,46,L
11543549.633418,47,R
11543574.003447,48,R
11543685.307065,49,R
11543891.635012,48,L
11543928.576918,47,L
11543955.075111,46,L
11543980.2252,45,L
11544011.314493,44,L
11544413.666689,43,L
11544490.701295,42,L
11544708.160758,43,R
11544831.496449,42,L
11544913.261264,43,R
11544945.387871,44,R
11544969.281835,45,R
11545027.332405,46,R
11545309.485018,47,R
11546093.151672,48,R
11547481.243309,49,R
11548808.485021,48,L
11548899.162171,49,R
11549203.011179,50,R
11549927.526397,51,R
11553848.71184,52,R
11561708.244641,53,R
11561770.477691,54,R
11562895.291178,53,L
11562937.589615,52,L
11562971.552893,51,L
11563005.286785,50,L
11563150.492425,49,L
11563305.75236,48,L
11563750.333355,49,R
11563876.735103,50,R
11565613.574741,51,R
11566112.819167,52,R
11566617.659211,53,R
11566754.767595,54,R
11567905.986449,53,L
11567955.38207,52,L
11567985.309015,51,L
11568127.265994,50,L
11568173.995405,49,L
11568205.644985,48,L
11568240.97983,47,L
11568280.106178,46,L
11568671.8021,45,L
11569039.048383,44,L
11569533.628971,43,L
11569950.07523,44,R
11569985.332151,45,R
11570116.537792,46,R
11570154.492107,47,R
11570333.524121,48,R
11570535.776722,49,R
11570862.435869,48,L
11571263.834686,49,R
11573412.712031,50,R
11575821.837835,51,R
11577642.106003,50,L
11579115.606045,51,R
11583506.808078,50,L
11583599.799948,51,R
11583896.4256,50,L
11583963.107994,51,R
11584415.485075,52,R
11584697.516016,53,R
11585496.7913,52,L
11587779.310163,53,R
11588353.414083,52,L
11591015.620586,51,L
11592559.115369,52,R
11597631.304498,53,R
11597708.100261,54,R
11597914.498162,55,R
11598076.315517,56,R
11598296.695344,55,L
11598340.772362,54,L
11598380.241186,53,L
11598451.987506,52,L
11598557.856027,53,R
11598595.354222,54,R
11598822.530109,53,L
11598966.613071,52,L
11598997.161135,51,L
11599026.420334,50,L
11599062.777457,49,L
11599097.306577,48,L
11599140.267319,47,L
11599189.889937,46,L
11599260.150562,45,L
11599450.36017,44,L
11599619.068047,45,R
11599895.214082,46,R
11600039.171843,45,L
11600875.222291,44,L
11600920.075387,43,L
11601000.989815,44,R
11601291.797839,43,L
11601763.122114,44,R
11603004.145567,45,R
11603470.743485,46,R
11603791.823079,47,R
11605972.298573,46,L
11606105.056764,47,R
11606142.048709,48,R
11606183.380518,49,R
11606218.422499,50,R
11606383.16608,49,L
11606432.862993,48,L
11606659.849848,49,R
11606781.613872,50,R
11606856.342878,49,L
11606921.401433,48,L
11607080.055942,47,L
11607160.209532,46,L
11607184.864224,45,L
11607218.422066,44,L
11607259.043574,43,L
11607285.154109,42,L
11607330.669544,41,L
11607635.04706,40,L
11608477.364638,41,R
11609044.170649,42,R
11609079.769565,43,R
11609267.386574,42,L
11610506.098171,43,R
11610678.985361,44,R
11611020.295861,45,R
11613031.177655,46,R
11614069.65772,47,R
11614603.108665,46,L
11614947.505757,45,L
11615078.577314,44,L
11615647.289163,45,R
11616186.846293,46,R
11616732.20739,47,R
11616822.838695,48,R
11618460.883859,47,L
11619199.611214,48,R
11621191.739981,47,L
11634145.014163,46,L
11634521.191155,45,L
11634718.640579,44,L
11635174.888184,45,R
11635522.166488,44,L
11639767.893158,43,L
11639801.787995,42,L
11639884.631279,43,R
11639960.301122,44,R
11640507.934169,43,L
11640554.733527,42,L
11640575.974894,41,L
11640594.498366,40,L
11640615.379221,39,L
11640656.459203,38,L
11640767.233323,39,R
11640806.164826,40,R
11640969.071779,41,R
11641258.734723,42,R
11641428.254535,43,R
11641531.860454,44,R
11641579.531592,45,R
11641914.67827,46,R
11643802.133048,47,R
11647607.189573,48,R
11653156.39416,47,L
11653359.648129,46,L
11653442.410823,45,L
11653671.375428,46,R
11657574.104311,47,R
11657683.316813,46,L
11657739.841103,45,L
11658140.983197,44,L
11659271.698396,45,R
11661082.440432,46,R
11661392.193751,47,R
11662000.9037,48,R
11662359.99972,49,R
11662480.260555,50,R
11663563.671113,51,R
11664844.513343,50,L
11664894.84758,49,L
11664920.032319,48,L
11665056.199362,49,R
11665879.95664,48,L
11666104.375942,49,R
11666204.94616,48,L
11666292.981739,47,L
11666492.509594,46,L
11666724.990396,47,R
11666847.697909,48,R
11667108.775758,49,R
11668324.297252,50,R
11675477.949686,51,R
11676051.990671,52,R
11676123.95701,53,R
11676265.596749,54,R
11676373.152672,55,R
11676393.301337,56,R
11676411.023751,57,R
11676427.584353,58,R
11676445.16901,59,R
11676468.416377,60,R
11676505.13783,61,R
11676564.511938,62,R
11676604.527478,63,R
11677500.619781,62,L
11677586.533307,63,R
11677606.75949,64,R
11677626.405738,65,R
11677785.929648,66,R
11677867.154057,67,R
11677968.171971,66,L
11678142.664086,67,R
11678258.171159,68,R
11678303.891556,69,R
11678521.63754,70,R
11678743.153361,69,L
11678903.713603,68,L
11681129.928468,69,R
11684841.09236,70,R
11689059.31021,71,R
11689275.640147,70,L
11691314.91831,71,R
11693791.731799,72,R
11694602.713276,71,L
11694727.620381,72,R
11695204.906139,73,R
11695923.503542,74,R
11698183.303317,75,R
11699044.414465,76,R
11699836.953989,75,L
11699942.374472,74,L
11700476.664626,73,L
11700558.279048,72,L
11700964.281307,73,R
11701043.03017,74,R
11701513.143081,73,L
11701594.806484,72,L
11701647.523771,71,L
11701995.107144,70,L
11702607.2954,71,R
11703506.006951,72,R
11704360.978013,71,L
11704711.899732,70,L
11704942.461891,69,L
11705251.686935,70,R
11705904.168561,71,R
11706004.287087,72,R
11706084.349149,73,R
11706145.33121,74,R
11706283.036284,75,R
11706341.414135,76,R
11706430.261368,77,R
11706675.905343,76,L
11706828.050502,75,L
11706864.1563,74,L
11707026.549605,73,L
11707068.331965,72,L
11707143.392693,73,R
11707823.646901,74,R
11707863.902215,75,R
11707892.443467,76,R
11707951.281198,77,R
11708115.626911,78,R
11708187.620381,79,R
11708230.399945,80,R
11708324.6913,79,L
11708481.992291,78,L
11708511.483044,77,L
11708530.398992,76,L
11708549.340124,75,L
11708685.769204,74,L
11708803.748827,75,R
11708998.175004,74,L
11709022.806421,73,L
11709050.531743,72,L
11709378.267798,73,R
11710017.664279,74,R
11710646.014741,75,R
11710772.185695,76,R
11712959.516108,77,R
11713303.372145,76,L
11716255.185928,77,R
11718143.421136,76,L
11718323.03455,75,L
11718518.732687,74,L
11718797.6072,75,R
11718847.284582,76,R
11718877.891555,77,R
11719162.479,76,L
11719479.892544,75,L
11719521.668589,74,L
11719570.74413,73,L
11719735.233286,74,R
11719828.198926,75,R
11719876.063026,76,R
11720172.231221,75,L
11720797.286119,76,R
11721127.548797,75,L
11721230.995448,76,R
11721469.225154,77,R
11721546.275328,76,L
11721703.661226,75,L
11721748.332089,74,L
11721806.294318,73,L
11722409.510915,74,R
11722450.077038,75,R
11722494.706883,76,R
11722776.532454,75,L
11723016.212152,74,L
11723050.304284,73,L
11723084.952164,72,L
11723214.828773,71,L
11723889.845401,72,R
11724471.76878,73,R
11725868.54325,74,R
11728140.543314,75,R
11728203.577488,76,R
11728245.516345,77,R
11729292.088303,78,R
11731173.246381,79,R
11731652.94233,78,L
11736151.61176,79,R
11740426.769169,80,R
11741167.614482,81,R
11757447.457902,80,L
11770022.296609,79,L
11770141.225349,80,R
11770958.234242,81,R
11772959.652053,82,R
11776823.294353,81,L
11777154.291123,82,R
11777279.875334,81,L
11777305.40431,80,L
11777326.483385,79,L
11777354.379984,78,L
11777557.088389,77,L
11777626.669407,76,L
11777653.95772,75,L
11777785.834908,74,L
11777884.92294,75,R
11778139.833015,76,R
11778232.12706,77,R
11778431.101756,78,R
11778471.471348,79,R
11778509.132026,80,R
11778672.09068,81,R
11779005.639089,80,L
11779148.443595,79,L
11779181.542302,78,L
11779314.358602,77,L
11779359.876637,76,L
11779939.334139,77,R
11780367.910746,78,R
11781733.396272,79,R
11781789.730848,80,R
11781920.472687,79,L
11788417.895541,78,L
11788617.590651,77,L
11788713.849216,76,L
11788876.679948,77,R
11789021.148943,78,R
11789071.166617,79,R
11789452.52315,80,R
11789493.511749,81,R
11789533.108447,82,R
11789864.876447,81,L
11789960.687298,80,L
11790018.557143,79,L
11790059.084454,78,L
11790392.826806,77,L
11790427.971809,76,L
11790458.110978,75,L
11790654.971344,76,R
11790745.234612,75,L
11790775.809217,74,L
11790802.5538,73,L
11791366.576016,74,R
11791405.669927,75,R
11791435.182256,76,R
11791482.07395,77,R
11791743.629906,78,R
11791871.58863,79,R
11792582.808088,80,R
11794936.169687,81,R
11795125.47797,82,R
11802517.469105,81,L
11803014.086192,80,L
11803516.12718,79,L
11803849.633613,78,L
11804063.692462,77,L
11804105.015666,76,L
11807559.250835,77,R
11810144.407166,76,L
11810301.153345,77,R
11810432.829261,78,R
11810653.184273,77,L
11810689.895488,76,L
11811043.613941,77,R
11811412.950311,78,R
11811462.575919,79,R
11811589.334703,80,R
11811624.880051,81,R
11811748.728463,82,R
11811942.910418,81,L
11811979.341268,80,L
11812027.315166,79,L
11813319.462601,80,R
11814143.353149,81,R
11817989.511519,82,R
11818486.794265,83,R
11821333.318669,82,L
11825038.860376,81,L
11827224.845297,80,L
11827256.43894,79,L
11827469.703398,78,L
11827542.735818,77,L
11827697.386481,76,L
11828043.240841,77,R
11828187.535602,78,R
11828238.957825,79,R
11828259.90646,80,R
11828285.707672,81,R
11828394.353271,80,L
11829479.112986,81,R
11830012.051471,82,R
11830268.797114,83,R
11830894.402918,84,R
11833410.109984,85,R
11833503.615714,86,R
11833646.232154,87,R
11833856.45404,88,R
11833882.607634,89,R
11833891.902927,90,R
11833899.370956,91,R
11833905.777579,92,R
11833911.677268,93,R
11833917.369256,94,R
11833923.028022,95,R
11833928.700011,96,R
11833934.40011,97,R
11833940.494035,98,R
11833947.289985,99,R
11833955.399207,100,R
11833965.70824,101,R
11833986.360583,102,R
11834043.975749,101,L
11834103.177682,100,L
11834144.428796,99,L
11834276.402264,98,L
11834689.54878,99,R
11834803.235955,100,R
11834938.10126,101,R
11835094.428485,102,R
11835126.700264,103,R
11835266.404721,102,L
11835698.83718,101,L
11835830.391138,100,L
11836060.548769,99,L
11836119.821164,98,L
11836219.06851,97,L
11836327.441486,98,R
11836371.54627,99,R
11836457.845206,100,R
11836489.149224,101,R
11836512.788291,102,R
11836540.551393,103,R
11836639.847739,102,L
11836955.010293,101,L
11837113.121468,100,L
11837449.05466,101,R
11837537.803384,102,R
11838262.51154,101,L
11838297.366827,100,L
11838517.720824,101,R
11839328.273073,100,L
11839662.174266,99,L
11839928.551807,98,L
11840214.971149,99,R
11840430.428865,98,L
11840470.141229,99,R
11840528.969891,98,L
11840546.494774,97,L
11840568.447149,96,L
11840654.490701,97,R
11840686.742443,98,R
11840726.501455,99,R
11840889.116714,98,L
11840918.090701,97,L
11840934.643879,96,L
11840946.290073,95,L
11840958.251058,94,L
11840976.801977,93,L
11841004.478969,92,L
11841038.570863,91,L
11841065.560757,90,L
11841090.863219,89,L
11841118.625358,88,L
11841147.007116,87,L
11841168.162913,86,L
11841189.813794,85,L
11841295.235027,84,L
11841535.494734,85,R
11841746.25524,84,L
11841948.603734,85,R
11841993.131325,86,R
11842032.151091,87,R
11842888.602537,86,L
11843213.124384,87,R
11843288.144212,86,L
11843376.742569,87,R
11843751.351054,88,R
11843847.986819,89,R
11843884.052102,90,R
11843908.953942,91,R
11843931.539565,92,R
11843957.362832,93,R
11844111.654189,92,L
11844256.681456,91,L
11844279.805532,90,L
11844295.86383,89,L
11844311.879167,88,L
11844332.869559,87,L
11844436.999873,86,L
11844460.309742,85,L
11844478.589944,84,L
11844495.679186,83,L
11844558.063876,84,R
11844612.854723,85,R
11844933.565084,84,L
11844968.778976,83,L
11845010.373047,82,L
11845330.23335,81,L
11845804.572821,82,R
11846107.583692,83,R
11846331.710861,82,L
11846702.686487,83,R
11846740.157466,84,R
11846947.416315,85,R
11846969.003901,86,R
11846984.196215,87,R
11846997.483638,88,R
11847011.208757,89,R
11847030.404294,90,R
11847316.389867,91,R
11847350.518315,92,R
11847421.327017,91,L
11847602.406364,90,L
11847778.234252,89,L
11847915.95308,88,L
11847978.162069,87,L
11848011.078873,86,L
11848067.818463,85,L
11848429.575406,84,L
11849875.53779,83,L
11850034.85587,84,R
11850097.030657,85,R
11850179.959192,84,L
11850443.781764,83,L
11851748.759438,84,R
11855471.768539,83,L
11856326.278787,84,R
11859149.192113,85,R
11864411.442398,84,L
11865592.583221,85,R
11866202.084574,86,R
11866254.474003,87,R
11866353.731592,86,L
11866381.434399,85,L
11866406.714195,84,L
11866435.202655,83,L
11866942.885706,84,R
11867376.665074,85,R
11867638.808438,84,L
11867669.380656,83,L
11867694.759025,82,L
11867742.179582,81,L
11868597.411267,82,R
11868674.767979,83,R
11868818.13289,84,R
11868965.466543,83,L
11869356.036314,82,L
11869383.394572,81,L
11869406.539333,80,L
11869425.311138,79,L
11869443.090219,78,L
11869464.96743,77,L
11869534.469453,78,R
11870100.852467,79,R
11870322.736106,80,R
11870838.564213,79,L
11871414.2975,80,R
11873196.930311,79,L
11873401.302845,78,L
11874366.02012,79,R
11874855.184364,80,R
11875965.365716,81,R
11876284.889735,80,L
11876339.898209,81,R
11876385.782017,82,R
11876434.51692,83,R
11876466.996696,84,R
11876487.741946,85,R
11876506.971279,86,R
11876615.162223,85,L
11876841.440486,84,L
11876940.21514,83,L
11877025.274768,82,L
11877054.886114,81,L
11877076.854712,80,L
11877096.085174,79,L
11877120.945182,78,L
11877434.20613,79,R
11878283.493114,80,R
11881065.168507,81,R
11881690.310355,82,R
11887828.485243,83,R
11889012.065999,84,R
11895970.369491,85,R
11896213.517985,86,R
11898694.553518,85,L
11898746.182536,84,L
11898786.997844,83,L
11898971.379266,82,L
11899140.782832,83,R
11899540.621125,82,L
11900673.934272,83,R
11902571.21929,84,R
11906723.130812,85,R
11906775.865199,86,R
11907046.527264,87,R
11909757.675693,88,R
11909802.922829,89,R
11909832.881225,90,R
11909938.535718,89,L
11909969.304932,88,L
11909990.133885,87,L
11910024.288834,86,L
11910276.066597,87,R
11910302.510928,88,R
11910382.196804,87,L
11910973.64226,88,R
11911172.596527,87,L
11911202.403426,86,L
11911257.855986,85,L
11911346.831858,86,R
11911516.530049,87,R
11911560.504486,88,R
11911627.438705,89,R
11911659.585136,90,R
11911840.601805,89,L
11911873.289967,88,L
11911897.768834,87,L
11911966.07051,88,R
11912006.239349,89,R
11912059.43095,90,R
11912268.167594,91,R
11912349.994856,92,R
11912515.359904,93,R
11916329.326851,94,R
11921781.813834,95,R
11922557.824474,96,R
11922711.524274,95,L
11923497.44488,94,L
11924227.257773,95,R
11924559.008853,96,R
11924610.386395,97,R
11924639.826931,98,R
11924662.735697,99,R
11924680.855662,100,R
11924698.270232,101,R
11924714.379345,102,R
11924733.561939,103,R
11924810.079354,102,L
11924953.198236,101,L
11925116.73156,102,R
11925234.792716,103,R
11925283.494936,104,R
11925403.769366,105,R
11925470.044673,106,R
11925491.443985,107,R
11925513.23516,108,R
11925538.666695,109,R
11925571.252599,110,R
11925632.040173,111,R
11925732.340394,112,R
11926087.458418,111,L
11926324.204829,112,R
11926869.450505,113,R
11926984.671824,114,R
11927029.590465,115,R
11927139.343328,114,L
11927168.198134,113,L
11927216.815837,112,L
11927309.077058,111,L
11927557.357128,112,R
11927588.841719,113,R
11927772.309401,112,L
11928136.624331,113,R
11930036.633825,114,R
11930951.928198,113,L
11931170.020951,114,R
11931202.912257,115,R
11931224.746061,116,R
11931245.860657,117,R
11931270.442855,118,R
11931296.798985,119,R
11931374.936,120,R
11931400.064467,121,R
11931421.586295,122,R
11931541.66247,121,L
11931586.187174,120,L
11931643.208798,119,L
11932262.239497,120,R
11932727.526007,121,R
11933046.541304,122,R
11933356.350491,123,R
11933566.705533,124,R
11934147.744279,125,R
11934225.028496,126,R
11934292.950272,125,L
11934328.500937,124,L
11934516.28217,125,R
11934672.141672,124,L
11934729.77134,123,L
11934763.020325,122,L
11935044.343885,123,R
11935084.34095,124,R
11935105.03609,125,R
11935123.930226,126,R
11935155.02038,127,R
11935348.913372,126,L
11935494.715428,125,L
11935527.272444,124,L
11935546.792402,123,L
11935564.791054,122,L
11935581.329659,121,L
11935597.650287,120,L
11935620.788938,119,L
11935671.736636,120,R
11935697.392704,121,R
11935797.299192,120,L
11936070.795561,121,R
11936122.400081,122,R
11936330.44111,123,R
11936384.430216,124,R
11936542.716729,125,R
11936598.651058,126,R
11936836.095569,125,L
11937312.68304,126,R
11937390.011904,125,L
11937516.848548,124,L
11937553.789873,123,L
11937648.529696,124,R
11937787.452656,123,L
11937827.364408,122,L
11937859.762353,121,L
11937895.168187,120,L
11937928.443486,119,L
11938001.956123,120,R
11938026.956185,121,R
11938059.130504,122,R
11938587.818616,123,R
11938943.562019,124,R
11939661.578225,125,R
11940774.048313,126,R
11941731.19787,125,L
11941821.616292,126,R
11941982.775086,127,R
11942028.12122,128,R
11942056.627606,129,R
11943083.287005,130,R
11947991.400935,129,L
11948028.478702,128,L
11948172.893136,129,R
11948315.432846,128,L
11948805.30041,129,R
11948843.151255,130,R
11955958.289532,131,R
11972757.411155,132,R
11972813.84829,133,R
11972870.472052,134,R
11978489.269532,135,R
11986445.551952,134,L
11988922.715755,133,L
11988994.649349,132,L
11989037.439549,131,L
11989153.26199,130,L
11989178.735043,129,L
11989198.691642,128,L
11989215.709646,127,L
11989237.598154,126,L
11989386.538471,127,R
11989530.422233,126,L
11989646.695739,127,R
11989971.399421,128,R
11990002.116083,129,R
11990065.673218,128,L
11990277.453796,127,L
11990649.539502,126,L
11990885.101571,127,R
11990947.938702,128,R
11990985.02795,129,R
11991011.236305,130,R
11991034.039259,131,R
11991146.684869,130,L
11991223.423209,129,L
11991351.803031,130,R
11991383.337455,131,R
11991443.349897,132,R
11991487.245503,133,R
11991517.49208,134,R
11991579.986217,135,R
11993769.708755,136,R
11996985.856593,137,R
11997566.852986,138,R
11997655.406499,139,R
11997730.548665,140,R
11997984.477085,141,R
11998046.332474,142,R
11998081.524146,143,R
11998224.020267,142,L
11999153.91481,143,R
11999414.770344,142,L
11999539.325829,141,L
11999927.431782,142,R
11999959.321237,143,R
11999982.09845,144,R
11999999.665333,145,R
12000016.907093,146,R
12000041.584179,147,R
12000122.305835,146,L
12000215.034809,147,R
12000264.053377,148,R
12000486.446151,149,R
12000635.08816,150,R
12000705.917682,149,L
12000794.406066,148,L
12000992.775501,149,R
12001021.101335,150,R
12001898.21825,151,R
12002323.056551,152,R
12002525.872552,153,R
12002663.609686,152,L
12003386.923335,153,R
12003549.643624,154,R
12003653.358397,155,R
12005817.178697,156,R
12013832.858163,155,L
12014285.524569,156,R
12017176.865769,157,R
12018123.815545,156,L
12018156.380377,155,L
12018181.168906,154,L
12018204.549239,153,L
12018224.641576,152,L
12018243.256551,151,L
12018263.01695,150,L
12018281.188766,149,L
12018299.172975,148,L
12018321.160463,147,L
12018452.598361,148,R
12018487.920161,149,R
12018513.114053,150,R
12018545.807253,151,R
12018644.529951,152,R
12018698.726721,153,R
12018733.058169,154,R
12018761.163434,155,R
12018813.797307,154,L
12019024.470537,153,L
12019091.305151,152,L
12019141.469272,151,L
12019800.569209,152,R
12020091.408939,153,R
12020776.550234,154,R
12022161.13373,155,R
12022309.35547,156,R
12022377.614317,157,R
12022427.073377,158,R
12022458.486304,159,R
12022491.915546,160,R
12022521.872592,161,R
12022614.767545,160,L
12022646.006531,159,L
12022767.991009,158,L
12022835.980232,157,L
12022972.559443,156,L
12023130.171771,155,L
12023161.212686,154,L
12023362.882062,153,L
12023647.073637,152,L
12024221.341455,153,R
12025027.099162,154,R
12025893.326988,155,R
12027190.554525,156,R
12027245.426153,157,R
12027453.213103,158,R
12027768.869622,159,R
12027988.236676,158,L
12028115.970012,157,L
12028147.612194,156,L
12028203.916926,155,L
12028395.779037,156,R
12028459.40758,157,R
12028612.519065,158,R
12029123.658758,159,R
12029180.450185,160,R
12029224.44542,161,R
12029260.72548,162,R
12029287.066999,163,R
12029309.98523,164,R
12029330.659704,165,R
12029346.79191,166,R
12029362.917505,167,R
12029413.115181,166,L
12029545.226882,165,L
12029565.843747,164,L
12029581.433352,163,L
12029597.615853,162,L
12030156.240032,163,R
12030433.342348,164,R
12030466.665332,165,R
12030491.650247,166,R
12030582.455183,167,R
12030613.882202,168,R
12030635.368495,169,R
12030654.919639,170,R
12030674.387265,171,R
12030693.241421,172,R
12030712.649938,173,R
12030775.138427,172,L
12030803.85644,171,L
12030830.210034,170,L
12030944.766722,171,R
12031069.561501,170,L
12031118.974673,169,L
12031152.168327,168,L
12031378.938635,167,L
12031411.851608,166,L
12031461.087692,165,L
12031504.759303,164,L
12031526.279095,163,L
12031548.825888,162,L
12031619.158012,163,R
12031656.117338,164,R
12032222.26701,165,R
12032813.111195,166,R
12035231.886056,167,R
12035629.377842,168,R
12037339.87992,169,R
12050651.180957,168,L
12051062.489754,169,R
12059730.796374,168,L
12059941.993524,167,L
12060052.998296,168,R
12060124.199554,169,R
12060180.734782,170,R
12060220.699961,171,R
12060244.325827,172,R
12060260.864895,173,R
12060276.734754,174,R
12060291.613279,175,R
12060308.597951,176,R
12060348.873717,175,L
12060367.532599,174,L
12060394.100003,173,L
12060425.128067,172,L
12060453.99743,171,L
12060479.28621,170,L
12060496.725503,169,L
12060510.956484,168,L
12060523.6939,167,L
12060536.80518,166,L
12060553.962256,165,L
12060623.50871,166,R
12060645.684065,167,R
12060676.463522,168,R
12060735.547112,167,L
12060796.330726,168,R
12060943.927146,167,L
12060981.235392,166,L
12061001.603465,165,L
12061021.020259,164,L
12061338.139497,165,R
12061481.448347,166,R
12061519.780889,167,R
12061769.093326,168,R
12062212.492687,169,R
12062234.908908,170,R
12062252.562678,171,R
12062269.786235,172,R
12062291.266158,173,R
12062355.947238,172,L
12062405.718553,171,L
12062757.311162,170,L
12065152.491999,171,R
12065905.824545,172,R
12065939.927775,173,R
12066036.350665,172,L
12070483.786487,173,R
12071425.99748,174,R
12071533.887032,173,L
12072535.319428,174,R
12073218.004837,173,L
12073402.311885,174,R
12073428.128489,175,R
12073453.287271,176,R
12073566.320729,175,L
12073595.399107,174,L
12073625.915754,173,L
12073702.473952,174,R
12073749.819478,175,R
12074038.191889,176,R
12074125.85955,177,R
12074449.502596,176,L
12077508.431828,175,L
12077727.699184,174,L
12078034.26056,173,L
12079629.953814,174,R
12080203.656878,175,R
12091274.504707,174,L
12091401.504226,173,L
12091631.947694,172,L
12091660.334825,171,L
12091683.527162,170,L
12091707.419171,169,L
12091741.003281,168,L
12092027.331157,169,R
12092061.758789,170,R
12093237.243521,171,R
12094266.304718,172,R
12095003.034962,173,R
12097020.71002,174,R
12098302.500669,175,R
12098351.351372,176,R
12098406.58581,177,R
12105049.608006,176,L
12108431.465187,177,R
12110182.206763,178,R
12112242.186413,177,L
12112394.131442,176,L
12112419.104431,175,L
12112437.169491,174,L
12112457.820522,173,L
12112622.262787,174,R
12112666.290818,175,R
12112695.414751,176,R
12112724.342465,177,R
12112759.68121,178,R
12112805.074902,179,R
12112846.856437,178,L
12112873.753707,177,L
12112963.132801,176,L
12112992.716374,175,L
12113015.197816,174,L
12113040.610816,173,L
12113728.680119,172,L
12114207.243681,173,R
12114291.374334,174,R
12114470.977915,175,R
12114500.056923,176,R
12114522.122595,177,R
12114585.352758,176,L
12114679.036756,175,L
12114702.171427,174,L
12114776.713903,175,R
12115117.307163,174,L
12115295.562047,173,L
12115333.702778,172,L
12115882.262121,173,R
12116419.172381,174,R
12116471.929828,175,R
12116882.498962,174,L
12117285.034706,175,R
12117534.79725,176,R
12118074.504755,177,R
12118858.293723,178,R
12124854.424411,177,L
12124945.892079,178,R
12125038.718277,179,R
12125070.926395,180,R
12125094.87244,181,R
12125136.361944,182,R
12125180.712914,183,R
12125198.644532,184,R
12125215.16188,185,R
12125465.466248,184,L
12125513.8812,183,L
12125628.323949,184,R
12125706.884,185,R
12125737.789975,186,R
12125763.09781,187,R
12125798.37589,188,R
12126031.424295,187,L
12126235.61304,186,L
12126504.480441,185,L
12126566.301316,184,L
12126680.350721,183,L
12126940.224267,184,R
12127965.057608,185,R
12128473.439889,186,R
12129136.305913,187,R
12130148.82709,188,R
12132443.123209,189,R
12133797.43685,190,R
12134082.340775,189,L
12134203.058966,190,R
12134304.062886,189,L
12134558.807934,190,R
12134590.708224,191,R
12134609.680952,192,R
12134733.376515,191,L
12134931.782015,192,R
12134978.172226,193,R
12135373.346569,192,L
12135548.490047,191,L
12135661.425547,190,L
12135996.709925,189,L
12136109.673553,190,R
12136160.121116,191,R
12136204.429625,192,R
12136261.580881,193,R
12136319.971558,194,R
12136453.655106,195,R
12136499.524512,196,R
12136618.595918,197,R
12136852.392681,196,L
12136986.81816,195,L
12137068.884536,194,L
12137217.915934,193,L
12137515.277632,192,L
12137881.223878,191,L
12137990.035157,192,R
12138998.487707,193,R
12139851.32709,194,R
12141137.473105,195,R
12141948.093164,196,R
12143454.160029,197,R
12149625.174637,198,R
12149754.074625,197,L
12149969.870031,198,R
12150088.130619,197,L
12153367.218332,198,R
12172684.830614,197,L
12184910.927915,198,R
12185937.78796,197,L
12186148.079413,196,L
12186455.649819,195,L
12186561.655946,194,L
12187055.396244,193,L
12187098.735641,192,L
12187126.097736,191,L
12187153.414461,190,L
12187242.4781,191,R
12187317.466107,192,R
12187384.949139,191,L
12187916.101997,190,L
12189138.595984,191,R
12189225.112948,190,L
12189249.028828,189,L
12189280.344573,188,L
12189586.247657,189,R
12190028.106621,190,R
12190228.246888,191,R
12190278.702989,192,R
12190311.662816,193,R
12190337.73099,194,R
12190365.357821,195,R
12190449.514734,194,L
12190495.386363,193,L
12190558.324478,192,L
12190611.372087,191,L
12190653.346379,190,L
12190751.918494,191,R
12191195.562925,192,R
12191303.707144,193,R
12191344.043984,194,R
12191462.028857,193,L
12192231.423142,194,R
12193306.815491,195,R
12194808.300129,194,L
12195169.27812,195,R
12195234.627061,196,R
12195352.403864,195,L
12195618.49634,196,R
12195664.114621,197,R
12195702.3175,198,R
12195766.828401,199,R
12195893.901442,200,R
12195966.198053,199,L
12196019.888577,198,L
12196200.044301,199,R
12196225.569559,200,R
12196242.119832,201,R
12196258.291723,202,R
12196410.946373,203,R
12196517.90702,204,R
12196545.854975,205,R
12196571.136571,206,R
12196605.188766,207,R
12196685.838596,206,L
12196793.84465,207,R
12196842.94348,208,R
12196906.263884,209,R
12197064.399582,210,R
12197320.244855,209,L
12197339.889831,208,L
12197355.916336,207,L
12197372.582126,206,L
12197447.489597,207,R
12197487.387964,208,R
12197578.638471,207,L
12197680.14831,206,L
12197727.542708,205,L
12197760.399721,204,L
12197858.407513,203,L
12197915.773396,202,L
12198177.320491,203,R
12198206.07345,204,R
12198227.371544,205,R
12198314.913841,206,R
12198365.07167,207,R
12198705.401703,208,R
12199086.355257,207,L
12199240.708524,208,R
12199438.689887,209,R
12200305.238055,210,R
12200546.48739,211,R
12200619.674837,212,R
12200677.703393,213,R
12200847.586341,214,R
12201083.004004,215,R
12201167.186548,216,R
12201193.016319,217,R
12201224.513635,218,R
12201363.286426,217,L
12201440.850275,216,L
12201510.035943,215,L
12202365.632551,216,R
12202401.423901,217,R
12202422.426352,218,R
12202443.638133,219,R
12202467.645474,220,R
12202622.664192,221,R
12202853.363164,220,L
12202989.006142,221,R
12203007.750301,222,R
12203023.668067,223,R
12203038.680831,224,R
12203053.147365,225,R
12203067.698563,226,R
12203082.195966,227,R
12203095.392652,228,R
12203110.348695,229,R
12203173.538027,228,L
12203217.900239,227,L
12203287.38842,226,L
12203312.518963,225,L
12203347.094446,224,L
12203537.169545,223,L
12203748.385871,224,R
12204353.022765,225,R
12205053.347476,226,R
12205152.356268,225,L
12205297.947269,226,R
12205342.937432,227,R
12205467.614276,226,L
12205520.960955,225,L
12205547.773671,224,L
12205998.526808,225,R
12206714.115834,226,R
12207619.195914,227,R
12208199.768858,226,L
12208641.484901,227,R
12209728.397046,228,R
12212413.817592,227,L
12212666.704142,228,R
12212713.268462,229,R
12212817.332144,228,L
12213393.631871,227,L
12213432.720234,226,L
12213805.179536,227,R
12215145.412393,226,L
12215325.526914,227,R
12215354.341039,228,R
12215374.269362,229,R
12215443.261774,228,L
12215507.090225,227,L
12215913.871366,228,R
12215992.106111,229,R
12216083.703279,230,R
12216621.482021,231,R
12216689.808575,230,L
12216849.907294,229,L
12217109.854698,230,R
12217552.05877,231,R
12217944.262158,232,R
12218901.185058,231,L
12218961.761864,230,L
12219119.846491,231,R
12219161.918559,232,R
12219223.03243,231,L
12219257.936739,230,L
12219404.831976,229,L
12219439.55566,228,L
12219475.221826,227,L
12219732.215914,228,R
12219781.33441,229,R
12219939.397722,228,L
12220032.646434,227,L
12220550.554834,228,R
12221162.480839,229,R
12223054.104657,228,L
12223325.663387,227,L
12223359.318571,226,L
12223398.356251,225,L
12223424.526534,224,L
12223446.035921,223,L
12223477.466609,222,L
12223848.247998,223,R
12224113.27994,224,R
12224764.603841,225,R
12225713.654979,226,R
12225775.309358,227,R
12226036.807012,226,L
12226201.749569,227,R
12226248.831491,228,R
12226300.203909,229,R
12226369.362189,230,R
12226423.801718,229,L
12226475.681572,228,L
12226522.614922,227,L
12226544.241825,226,L
12226566.29385,225,L
12226593.301471,224,L
12226623.163835,223,L
12226646.637723,222,L
12226662.18857,221,L
12226677.300277,220,L
12226695.51365,219,L
12226719.860448,218,L
12226959.381409,219,R
12227086.149383,220,R
12227180.645665,221,R
12227451.133674,222,R
12227541.117853,223,R
12227677.006494,224,R
12229590.985835,225,R
12233653.58079,226,R
12233967.674563,227,R
12242235.132626,228,R
12243508.742203,227,L
12243555.144637,226,L
12243584.57001,225,L
12243629.612969,224,L
12243747.418921,225,R
12243883.466708,226,R
12243962.455699,225,L
12243996.594078,224,L
12244015.656991,223,L
12244030.621756,222,L
12244044.124844,221,L
12244056.935482,220,L
12244071.566808,219,L
12244089.453483,218,L
12244271.128089,217,L
12244431.631376,216,L
12244526.46756,217,R
12244553.681436,218,R
12244688.452617,219,R
12244910.086274,220,R
12245082.982206,221,R
12245131.122554,222,R
12245252.709011,223,R
12245300.179074,224,R
12245354.674362,225,R
12245420.474962,224,L
12245463.262203,223,L
12245495.551005,222,L
12245532.277338,221,L
12245594.628686,220,L
12245626.334499,219,L
12245651.963404,218,L
12245676.145835,217,L
12245696.576352,216,L
12245716.474435,215,L
12245742.876048,214,L
12245881.637527,213,L
12245953.740901,214,R
12245968.353062,215,R
12245981.530471,216,R
12245995.298072,217,R
12246019.006604,218,R
12246097.627305,217,L
12246145.477769,216,L
12246188.285825,215,L
12246262.380663,214,L
12246333.488297,213,L
12246396.691037,212,L
12246442.108786,211,L
12246523.171072,210,L
12246548.032417,209,L
12246615.409304,210,R
12246647.34976,211,R
12246871.49665,210,L
12247501.508646,211,R
12247953.311288,212,R
12248277.722616,213,R
12249763.439489,214,R
12250836.950408,215,R
12251837.712409,214,L
12252108.143329,213,L
12252208.220844,214,R
12252431.380678,213,L
12252483.112608,212,L
12252752.741635,213,R
12253806.514099,214,R
12256143.315122,215,R
12258559.583313,216,R
12259220.594952,217,R
12259264.324009,218,R
12259358.214285,219,R
12259393.996598,220,R
12259417.288582,221,R
12259483.651673,220,L
12259538.887928,219,L
12259561.198504,218,L
12259581.995164,217,L
12259879.739254,218,R
12259936.836365,219,R
12260152.483058,218,L
12260195.605312,217,L
12260213.864239,216,L
12260229.60399,215,L
12260253.166229,214,L
12260437.296217,215,R
12260520.443132,214,L
12261033.140873,215,R
12261864.715376,216,R
12262029.482883,217,R
12262067.789983,218,R
12262115.610725,219,R
12262312.121415,220,R
12262361.448685,221,R
12262406.940118,222,R
12262479.558465,221,L
12262495.074017,220,L
12262509.472755,219,L
12262526.361411,218,L
12262544.043997,217,L
12262565.965599,216,L
12262599.795318,215,L
12262645.911924,214,L
12262671.627068,213,L
12262690.817238,212,L
12262710.286496,211,L
12262730.988286,210,L
12262795.463874,211,R
12262854.48245,210,L
12262916.224291,209,L
12262956.191954,208,L
12262995.45713,207,L
12263082.583602,206,L
12263123.163161,205,L
12263155.290041,204,L
12263237.065851,203,L
12263269.066233,202,L
12263290.341606,201,L
12263461.516607,200,L
12263911.19753,201,R
12264872.609268,202,R
12265911.247825,203,R
12268238.360327,204,R
12270825.061838,205,R
12270872.706343,206,R
12270899.597873,207,R
12271107.125047,206,L
12271185.207536,205,L
12271351.656809,204,L
12273638.915335,205,R
12274851.13776,204,L
12275403.349155,203,L
12275453.775924,202,L
12275483.656326,201,L
12275517.708004,200,L
12275769.023383,199,L
12276931.114127,200,R
12278312.915158,201,R
12283239.000537,202,R
12283449.744246,201,L
12283483.595409,200,L
12283541.114383,201,R
12283586.257211,202,R
12283650.888889,203,R
12283679.325521,204,R
12283696.859036,205,R
12283712.63249,206,R
12283768.068835,205,L
12283808.7493,204,L
12283829.688827,203,L
12283844.12075,202,L
12283859.967574,201,L
12283884.568071,200,L
12284221.627968,201,R
12284256.151434,202,R
12284280.459733,203,R
12284306.997362,204,R
12284841.613263,205,R
12286522.196278,206,R
12288338.771879,207,R
12294335.449403,208,R
12294390.654326,209,R
12298265.65405,210,R
12313405.271517,209,L
12313436.718526,208,L
12313464.613672,207,L
12313540.722762,206,L
12313587.985061,205,L
12313615.203723,204,L
12313667.469465,203,L
12313858.734262,204,R
12313880.170943,205,R
12313900.096843,206,R
12313922.600852,207,R
12313950.072156,208,R
12313981.867954,209,R
12314012.060529,210,R
12314042.278085,211,R
12314082.805908,212,R
12314160.039307,211,L
12314195.11092,210,L
12314216.931722,209,L
12314233.931151,208,L
12314250.55646,207,L
12314296.612157,208,R
12314317.27156,209,R
12314335.610144,210,R
12314353.782918,211,R
12314394.587031,210,L
12314434.796323,209,L
12314608.989304,210,R
12314776.131186,209,L
12314804.044257,208,L
12315010.254014,209,R
12315124.330486,210,R
12315154.311474,211,R
12315277.976414,210,L
12315294.451726,209,L
12315311.984662,208,L
12315335.941972,207,L
12315363.27863,206,L
12315384.061012,205,L
12315404.106595,204,L
12315424.464134,203,L
12315447.307654,202,L
12315508.054056,203,R
12315557.990703,202,L
12315630.632318,203,R
12315649.407485,204,R
12315670.789297,205,R
12315853.389257,204,L
12315912.680414,203,L
12315935.009187,202,L
12315951.387149,201,L
12315964.760643,200,L
12315976.977274,199,L
12315988.949207,198,L
12316002.105075,197,L
12316046.015896,198,R
12316061.813705,199,R
12316075.823907,200,R
12316122.271874,199,L
12316143.406988,198,L
12316161.88394,197,L
12316193.528687,196,L
12316321.490531,195,L
12316340.655152,194,L
12316357.975779,193,L
12316380.787929,192,L
12316425.268478,193,R
12316503.431579,192,L
12316626.016193,191,L
12316645.493104,190,L
12316665.744517,189,L
12316726.514364,190,R
12316833.579848,189,L
12316856.336611,188,L
12316877.62587,187,L
12316896.492313,186,L
12316914.297133,185,L
12316934.272607,184,L
12316959.388224,183,L
12317004.580831,184,R
12317073.181667,183,L
12317090.0666,182,L
12317111.000811,181,L
12317163.563714,180,L
12317182.268625,179,L
12317195.556731,178,L
12317207.505665,177,L
12317219.910902,176,L
12317238.44752,175,L
12317292.479445,176,R
12317316.526142,177,R
12317429.496308,176,L
12317484.610672,175,L
12317550.524014,176,R
12317637.024094,175,L
12317735.865469,176,R
12317824.141343,175,L
12317925.627751,176,R
12318104.244525,177,R
12318152.369807,176,L
12318262.619183,177,R
12318798.166959,176,L
12318852.981201,175,L
12318874.500752,174,L
12318889.999697,173,L
12318907.445618,172,L
12318963.481443,173,R
12319067.51198,174,R
12319234.409743,175,R
12319303.620529,174,L
12319333.63498,173,L
12319371.232593,172,L
12319421.945483,171,L
12319449.027075,170,L
12319472.532469,169,L
12319497.852748,168,L
12319527.385562,167,L
12319607.873613,166,L
12319635.157348,165,L
12319661.604398,164,L
12319690.829682,163,L
12319839.539469,164,R
12320054.184524,163,L
12320533.449209,162,L
12320558.953169,161,L
12320594.146503,160,L
12320624.267749,159,L
12320644.334314,158,L
12320670.724625,157,L
12320741.066072,158,R
12320765.376116,159,R
12320785.195371,160,R
12320809.366529,161,R
12321181.816761,160,L
12321211.910247,159,L
12321242.44365,158,L
12321290.718726,159,R
12321315.589812,160,R
12321341.434191,161,R
12321402.499237,160,L
12321430.973038,159,L
12321471.624175,158,L
12321492.432649,157,L
12321509.662741,156,L
12321528.427725,155,L
12321572.444026,156,R
12321595.147143,157,R
12321616.957169,158,R
12321708.986146,157,L
12322374.985842,158,R
12323090.281633,159,R
12325192.369571,160,R
12330071.766655,161,R
12336584.552457,162,R
12336626.353851,163,R
12337003.910385,164,R
12340120.868966,163,L
12340155.909791,162,L
12340193.940492,161,L
12340242.52105,162,R
12340276.265292,163,R
12340311.147991,164,R
12340340.157376,165,R
12340368.765345,166,R
12340406.382834,167,R
12340435.445663,168,R
12340456.497357,169,R
12340472.869138,170,R
12340487.317999,171,R
12340501.583215,172,R
12340538.318224,171,L
12340560.402173,170,L
12340642.799453,169,L
12340676.508048,168,L
12340699.499551,167,L
12340719.239497,166,L
12340739.223882,165,L
12340762.756057,164,L
12340799.192221,163,L
12340927.754799,162,L
12341559.804281,163,R
12341642.691347,164,R
12341711.751705,165,R
12341772.513157,166,R
12341803.721827,167,R
12341828.914484,168,R
12341848.425213,169,R
12341866.457234,170,R
12341925.249156,169,L
12341950.953672,168,L
12341974.306463,167,L
12341996.222897,166,L
12342216.69758,165,L
12342243.049656,164,L
12342260.609984,163,L
12342274.945922,162,L
12342288.282326,161,L
12342302.523192,160,L
12342319.748639,159,L
12342353.537825,158,L
12342431.473132,157,L
12342461.671733,156,L
12342590.809021,155,L
12342652.208829,154,L
12342816.161189,155,R
12343410.40788,156,R
12343612.532107,157,R
12344208.374785,158,R
12345836.984172,159,R
12349250.851131,160,R
12352680.861333,161,R
12355518.371689,160,L
12355676.335013,161,R
12355835.875895,162,R
12355866.339585,163,R
12355916.12514,164,R
12361628.124979,163,L
12361733.253581,164,R
12371802.442905,163,L
12372091.942363,162,L
12372113.697361,161,L
12372180.1487,162,R
12372202.624627,163,R
12372227.916842,164,R
12372281.237954,165,R
12372326.333064,166,R
12372350.161016,167,R
12372371.130939,168,R
12372427.45128,167,L
12372472.135677,166,L
12372501.078237,165,L
12372517.513724,164,L
12372529.472273,163,L
12372539.641473,162,L
12372549.116818,161,L
12372558.611015,160,L
12372569.31974,159,L
12372583.355724,158,L
12372640.693599,159,R
12372667.0242,160,R
12372747.443266,159,L
12372787.085459,158,L
12372918.191066,157,L
12372952.34116,156,L
12373059.19788,157,R
12373095.355817,158,R
12373538.355868,159,R
12373627.026955,160,R
12373690.239237,161,R
12373895.821636,162,R
12373975.879896,161,L
12374392.974673,160,L
12374603.899343,161,R
12374626.431028,162,R
12374644.191912,163,R
12374691.026465,162,L
12374735.666937,161,L
12374909.694482,162,R
12374949.657299,163,R
12374981.089713,164,R
12375014.517267,165,R
12375398.653057,164,L
12376297.820458,163,L
12376809.582532,162,L
12378155.040603,163,R
12381401.447126,164,R
12383255.16847,165,R
12384151.635351,166,R
12390896.726801,167,R
12391027.118404,166,L
12391048.363212,165,L
12391066.644661,164,L
12391270.520251,165,R
12391344.800648,164,L
12391375.713521,163,L
12391396.756964,162,L
12391418.623129,161,L
12391785.694396,160,L
12391915.767191,159,L
12391955.910009,158,L
12392441.007967,159,R
12393525.148634,160,R
12393570.253065,161,R
12393611.167273,162,R
12393668.751651,163,R
12394093.900124,162,L
12394356.30452,163,R
12395123.847925,162,L
12395704.914778,163,R
12395880.379409,164,R
12396088.429971,165,R
12396246.112013,164,L
12396297.792188,163,L
12396467.084993,164,R
12396534.820592,165,R
12396586.461972,164,L
12396614.04792,163,L
12396639.127626,162,L
12396767.966731,161,L
12397038.310458,162,R
12397069.135297,163,R
12397092.020977,164,R
12397184.450144,163,L
12397377.139212,162,L
12397391.667244,161,L
12397407.420544,160,L
12397422.334808,159,L
12397435.588887,158,L
12397446.907359,157,L
12397456.778679,156,L
12397466.454466,155,L
12397477.863733,154,L
12397493.768938,153,L
12397557.036191,154,R
12397643.398418,153,L
12397671.02318,152,L
12397698.78592,151,L
12397748.743023,150,L
12397892.933327,151,R
12397932.648674,152,R
12397951.060232,153,R
12397967.189136,154,R
12397983.718975,155,R
12398007.161829,156,R
12398144.131348,155,L
12398251.639794,154,L
12398314.555797,153,L
12398964.117487,154,R
12399377.643305,155,R
12399938.682838,156,R
12401368.095498,157,R
12401868.115215,158,R
12401905.718017,159,R
12401984.748278,160,R
12402035.427496,161,R
12402147.640193,162,R
12402187.276432,163,R
12402217.612246,164,R
12402344.086759,165,R
12402493.072258,164,L
12402835.521483,165,R
12402974.812085,166,R
12403526.280323,165,L
12403998.589047,164,L
12404200.304277,165,R
12404406.018494,164,L
12404841.478418,163,L
12404885.41223,162,L
12405043.61027,163,R
12405532.061031,164,R
12405836.568005,165,R
12406486.484997,166,R
12406559.307749,165,L
12406684.242337,164,L
12406707.668803,163,L
12406726.399059,162,L
12406743.351927,161,L
12406761.001965,160,L
12406781.262353,159,L
12406802.012953,158,L
12406822.953363,157,L
12406847.209237,156,L
12406904.268872,157,R
12406944.067665,158,R
12407252.336669,157,L
12407384.939459,158,R
12407863.907492,159,R
12408158.696072,160,R
12409055.269714,161,R
12409442.697503,162,R
12409818.350014,163,R
12411148.726053,164,R
12411572.381866,165,R
12413049.915027,166,R
12415560.460871,167,R
12418479.389147,168,R
12421669.492472,169,R
12424729.340858,170,R
12431378.198452,171,R
12431521.501159,170,L
12431556.523228,169,L
12431641.379414,170,R
12431701.919371,171,R
12431729.935242,172,R
12431752.773022,173,R
12431777.266691,174,R
12431846.025173,175,R
12431893.327308,176,R
12431983.723429,175,L
12432011.088851,174,L
12432032.234538,173,L
12432194.097489,174,R
12432305.025662,173,L
12432681.849518,172,L
12432708.391384,171,L
12432734.705477,170,L
12433566.288789,171,R
12433803.553932,170,L
12434341.904382,171,R
12434936.248837,172,R
12435272.04863,173,R
12435746.051636,174,R
12435809.416459,175,R
12435860.866005,176,R
12435908.398932,177,R
12435950.913006,178,R
12436121.261925,177,L
12436187.998711,178,R
12436214.211789,179,R
12436232.295191,180,R
12436283.516556,179,L
12436310.954088,178,L
12436349.668078,177,L
12436506.108948,178,R
12436874.512017,177,L
12437602.708028,178,R
12439373.904173,179,R
12440458.672142,180,R
12440752.797206,179,L
12441222.313418,180,R
12442199.638254,181,R
12442273.225987,180,L
12443061.398367,179,L
12443439.370057,178,L
12444616.555859,179,R
12445757.256222,180,R
12449022.503708,181,R
12452050.993467,180,L
12453383.25734,181,R
12457934.772143,180,L
12458211.770553,181,R
12464911.068472,182,R
12466112.745639,181,L
12466128.938937,180,L
12466144.513916,179,L
12466162.92237,178,L
12466241.294177,179,R
12466355.487747,180,R
12466426.63134,181,R
12466455.227259,182,R
12466500.844441,181,L
12466550.679661,180,L
12466583.204088,179,L
12466607.077776,178,L
12466755.419628,179,R
12466784.045843,180,R
12466808.401502,181,R
12466878.208921,180,L
12467026.60092,179,L
12467182.793324,178,L
12467601.302379,179,R
12468650.815924,180,R
12469868.1473,181,R
12470755.727537,180,L
12470934.027413,181,R
12472171.453612,182,R
12472392.665304,181,L
12473617.091886,180,L
12474675.856917,181,R
12475674.326143,182,R
12475830.789994,181,L
12476094.952803,180,L
12476287.06872,179,L
12476333.782954,178,L
12476485.586906,179,R
12476594.745425,178,L
12476827.282825,179,R
12477063.700677,180,R
12477112.479738,181,R
12477169.52288,182,R
12477352.678787,183,R
12477652.864063,184,R
12478010.387495,185,R
12478450.842307,184,L
12478499.027492,183,L
12478992.085434,182,L
12479162.002147,181,L
12479321.337236,180,L
12479374.169284,179,L
12479562.921054,178,L
12479618.350306,177,L
12479650.149029,176,L
12480021.6967,177,R
12480771.274774,178,R
12481129.059688,179,R
12482176.602062,180,R
12483818.595532,181,R
12485449.79249,182,R
12486248.096708,181,L
12486523.635011,180,L
12486573.665177,179,L
12486781.109832,180,R
12487502.582872,181,R
12490162.552542,182,R
12490431.364032,183,R
12490452.950291,184,R
12490551.665339,183,L
12490578.611927,182,L
12490608.488175,181,L
12491132.16105,182,R
12491226.516229,183,R
12492262.401895,184,R
12493647.712741,185,R
12493814.627644,186,R
12494416.618367,185,L
12494451.967535,184,L
12494573.00094,185,R
12494621.48216,186,R
12494769.013683,185,L
12494795.565688,184,L
12494816.049027,183,L
12494844.550768,182,L
12495026.717067,181,L
12495416.114553,182,R
12495486.26192,183,R
12495525.437599,184,R
12496099.218433,185,R
12497371.629598,186,R
12498251.508122,187,R
12498328.837799,188,R
12498446.952732,187,L
12498545.143926,186,L
12499491.243409,187,R
12500260.558199,186,L
12500339.089592,185,L
12500358.044501,184,L
12500373.718036,183,L
12500390.701136,182,L
12500417.792222,181,L
12500631.987989,180,L
12500660.691301,179,L
12500685.761913,178,L
12500714.800384,177,L
12500812.245669,176,L
12501202.32971,177,R
12501332.238059,178,R
12501732.910652,179,R
12501911.427925,180,R
12502174.284579,179,L
12502193.703089,178,L
12502208.900616,177,L
12502226.418482,176,L
12502272.372091,177,R
12502297.155228,178,R
12502321.34534,179,R
12502506.940739,178,L
12502526.452637,177,L
12502541.042028,176,L
12502553.722442,175,L
12502567.892732,174,L
12502622.964665,175,R
12502728.715699,174,L
12502757.352142,173,L
12502824.705757,174,R
12502880.41888,173,L
12502897.124819,172,L
12502911.739395,171,L
12502931.266756,170,L
12502993.440444,171,R
12503077.489943,172,R
12503146.084587,171,L
12503162.832469,170,L
12503174.523682,169,L
12503184.199993,168,L
12503192.339782,167,L
12503199.911065,166,L
12503207.457515,165,L
12503215.218311,164,L
12503223.946699,163,L
12503235.304289,162,L
12503251.157506,161,L
12503330.309739,160,L
12503487.079793,159,L
12503504.331516,158,L
12503519.230568,157,L
12503534.110379,156,L
12503555.121393,155,L
12503599.935879,156,R
12503617.227694,157,R
12503631.323819,158,R
12503645.612754,159,R
12503662.585836,160,R
12503711.421106,159,L
12503731.45103,158,L
12503806.48337,157,L
12503833.312166,156,L
12503846.207835,155,L
12503856.661408,154,L
12503866.315886,153,L
12503876.408874,152,L
12503888.45058,151,L
12503922.220098,152,R
12503935.120711,153,R
12503945.018981,154,R
12503954.806753,155,R
12503966.336192,156,R
12504004.045145,155,L
12504020.142615,154,L
12504032.490481,153,L
12504043.730444,152,L
12504055.00737,151,L
12504069.117253,150,L
12504153.834997,149,L
12504171.402196,148,L
12504185.664557,147,L
12504197.855241,146,L
12504208.958374,145,L
12504219.053121,144,L
12504227.966227,143,L
12504235.914964,142,L
12504243.585263,141,L
12504251.153898,140,L
12504259.323519,139,L
12504268.901166,138,L
12504281.696078,137,L
12504331.699805,138,R
12504360.295045,139,R
12504508.911775,140,R
12504570.487921,139,L
12504593.554187,138,L
12504650.587838,139,R
12504665.77031,140,R
12504677.299878,141,R
12504687.566529,142,R
12504697.917326,143,R
12504709.094754,144,R
12504721.431046,145,R
12504737.121914,146,R
12504833.838031,147,R
12504904.761552,146,L
12504983.819473,147,R
12505211.443422,148,R
12505266.1579,147,L
12505367.19574,146,L
12505387.072445,145,L
12505403.194582,144,L
12505418.706768,143,L
12505437.672715,142,L
12505462.82601,141,L
12505571.593315,140,L
12505622.57004,139,L
12505641.797185,138,L
12505667.787907,137,L
12505723.37183,136,L
12505787.862174,135,L
12505823.377044,134,L
12505840.049966,133,L
12505852.043191,132,L
12505862.339693,131,L
12505871.740085,130,L
12505880.79891,129,L
12505889.614221,128,L
12505898.549012,127,L
12505907.615559,126,L
12505916.968563,125,L
12505926.822889,124,L
12505937.891523,123,L
12505950.420311,122,L
12505969.101115,121,L
12506141.643446,120,L
12506189.611939,121,R
12506296.690521,120,L
12506312.578422,119,L
12506327.979593,118,L
12506382.996824,119,R
12506402.437446,120,R
12506454.345688,119,L
12506469.388422,118,L
12506483.398197,117,L
12506503.973628,116,L
12506578.43474,115,L
12506594.284623,114,L
12506610.943712,113,L
12506629.105102,112,L
12506654.221639,111,L
12506691.973684,110,L
12506712.693945,109,L
12506727.604312,108,L
12506741.976819,107,L
12506757.640263,106,L
12506778.547908,105,L
12506861.486581,106,R
12506945.349307,107,R
12507058.00903,108,R
12507094.811799,109,R
12510337.041901,110,R
12510839.394324,111,R
12512290.449354,112,R
12518727.483808,113,R
12519972.930261,114,R
12527724.447218,115,R
12530281.675285,116,R
12533063.476173,117,R
12536940.63846,118,R
12539980.300572,117,L
12540086.314937,116,L
12540104.994634,115,L
12540121.331065,114,L
12540141.136831,113,L
12540191.358396,114,R
12540221.735845,115,R
12540250.122484,116,R
12540279.142276,117,R
12540328.517415,116,L
12540405.209253,115,L
12540439.762372,114,L
12540466.812503,113,L
12540494.098258,112,L
12540584.305902,113,R
12540685.899638,112,L
12540977.363666,111,L
12541142.634609,110,L
12541171.862583,109,L
12541189.411285,108,L
12541209.735243,107,L
12541296.94521,108,R
12541575.404829,109,R
12541923.826634,108,L
12542146.565712,107,L
12542214.574901,106,L
12542242.315535,105,L
12542300.912109,104,L
12542368.74082,103,L
12542391.28901,102,L
12542409.99665,101,L
12542426.749499,100,L
12542442.438259,99,L
12542456.845658,98,L
12542473.491805,97,L
12542588.889194,98,R
12542628.542151,99,R
12542707.525349,100,R
12542727.92025,101,R
12542743.750896,102,R
12542759.433749,103,R
12542778.873856,104,R
12542999.470185,103,L
12543117.612442,104,R
12543187.628607,103,L
12543223.697269,102,L
12543269.259564,101,L
12543331.734907,100,L
12543760.205316,101,R
12543921.638676,102,R
12544031.662143,103,R
12544069.638024,104,R
12544119.017645,105,R
12544155.975659,106,R
12544178.82549,107,R
12544201.366068,108,R
12544232.400615,109,R
12544266.706111,110,R
12544287.574039,111,R
12544304.9943,112,R
12544328.261493,113,R
12544541.486645,112,L
12544603.048768,111,L
12544727.842349,112,R
12544770.577166,111,L
12544787.880411,110,L
12544808.955539,109,L
12544859.889183,108,L
12544899.730303,107,L
12544923.130937,106,L
12544946.261077,105,L
12545036.908177,104,L
12545050.074417,103,L
12545060.959038,102,L
12545072.465054,101,L
12545086.849638,100,L
12545111.124254,99,L
12545210.88705,98,L
12545234.579659,97,L
12545252.422263,96,L
12545272.082995,95,L
12545342.504653,94,L
12545381.295998,93,L
12545424.181887,92,L
12545465.000727,91,L
12545510.709574,92,R
12545585.575786,91,L
12545689.083614,92,R
12547665.354205,93,R
12548760.08731,92,L
12548917.599609,91,L
12548938.408836,90,L
12548953.632365,89,L
12548969.207999,88,L
12548989.663233,87,L
12549057.528668,88,R
12549089.872447,89,R
12549166.203852,88,L
12549193.5207,87,L
12549213.54211,86,L
12549242.954007,85,L
12549368.759587,84,L
12549391.200168,83,L
12549405.94956,82,L
12549419.240945,81,L
12549431.883326,80,L
12549446.097618,79,L
12549504.933559,80,R
12549538.414962,81,R
12549603.840542,80,L
12549651.610124,79,L
12549799.026341,78,L
12549968.079749,77,L
12550739.945783,76,L
12550804.707932,75,L
12550901.724011,74,L
12550936.050693,73,L
12550956.650165,72,L
12550972.617754,71,L
12550986.837472,70,L
12551000.803417,69,L
12551055.809773,70,R
12551071.758084,71,R
12551084.120082,72,R
12551094.578306,73,R
12551104.223787,74,R
12551113.982118,75,R
12551124.023998,76,R
12551133.920863,77,R
12551144.169683,78,R
12551155.272263,79,R
12551167.846905,80,R
12551182.214638,81,R
12551197.601795,82,R
12551214.861208,83,R
12551233.503758,84,R
12551252.889904,85,R
12551272.289531,86,R
12551291.704583,87,R
12551319.121319,88,R
12551611.73956,87,L
12551630.429332,86,L
12551656.903865,85,L
12551689.941833,84,L
12551719.351101,83,L
12551745.518196,82,L
12551773.672064,81,L
12551812.105215,80,L
12551833.941327,79,L
12551847.902495,78,L
12551858.529567,77,L
12551867.642208,76,L
12551876.149491,75,L
12551885.094987,74,L
12551895.05874,73,L
12551906.648143,72,L
12551925.609279,71,L
12552024.265954,70,L
12552063.0943,69,L
12552085.770747,68,L
12552103.698108,67,L
12552122.751872,66,L
12552231.272968,65,L
12552256.069777,64,L
12552274.861529,63,L
12552296.049136,62,L
12552324.24804,61,L
12552356.018165,60,L
12552391.414306,59,L
12552504.348531,60,R
12552519.387509,61,R
12552529.731735,62,R
12552539.980148,63,R
12552549.821996,64,R
12552559.374442,65,R
12552568.858316,66,R
12552578.917696,67,R
12552592.029549,68,R
12552615.981654,69,R
12552730.108872,70,R
12552750.524293,71,R
12552764.840194,72,R
12552776.990808,73,R
12552789.059719,74,R
12552802.378308,75,R
12552819.36969,76,R
12552845.735726,77,R
12553161.225264,76,L
12553187.966421,75,L
12553204.514646,74,L
12553218.41,73,L
12553230.851886,72,L
12553242.69458,71,L
12553253.69644,70,L
12553264.597969,69,L
12553275.930304,68,L
12553289.460314,67,L
12553311.93721,66,L
12553364.096534,67,R
12553378.701373,68,R
12553391.377957,69,R
12553403.782658,70,R
12553418.915209,71,R
12553502.834714,72,R
12553560.793841,71,L
12553581.412961,70,L
12553628.365266,69,L
12553675.57788,68,L
12553715.217505,67,L
12553736.261542,66,L
12553750.315246,65,L
12553761.043037,64,L
12553769.770483,63,L
12553777.600651,62,L
12553785.238619,61,L
12553792.894161,60,L
12553801.199523,59,L
12553811.240959,58,L
12553823.513774,57,L
12553846.248923,56,L
12553950.466407,57,R
12554823.375415,56,L
12557799.531773,57,R
12559630.177537,58,R
12559679.297927,59,R
12559712.054255,60,R
12559735.452521,61,R
12559827.25051,60,L
12559892.071347,59,L
12559999.935072,58,L
12560066.296468,57,L
12560092.731596,56,L
12560113.742171,55,L
12560139.943915,54,L
12560585.125822,55,R
12560751.093767,54,L
12560803.460181,53,L
12560946.44811,52,L
12561711.355018,51,L
12561900.980502,50,L
12561929.177334,49,L
12561947.895402,48,L
12561965.999483,47,L
12561989.206179,46,L
12562019.418876,45,L
12562050.634718,44,L
12562078.152749,43,L
12562106.02755,42,L
12562135.069234,41,L
12562166.254428,40,L
12562216.21269,39,L
12562576.174249,40,R
12562951.766185,41,R
12563037.520803,42,R
12563075.37132,43,R
12563203.852631,44,R
12563270.368414,45,R
12563300.230525,46,R
12563490.715733,47,R
12563665.916004,48,R
12565328.886465,49,R
12569384.349258,50,R
12572351.58659,51,R
12575767.867878,52,R
12578990.621009,51,L
12579019.067579,50,L
12579277.455504,51,R
12579720.397444,50,L
12580011.149766,51,R
12582668.196923,52,R
12587281.9005,53,R
12590657.200184,54,R
12594277.542368,55,R
12596127.666564,56,R
12598901.294595,55,L
12599170.917791,54,L
12599985.92231,53,L
12600013.754024,52,L
12600107.494713,53,R
12600445.783568,54,R
12601661.555144,55,R
12605445.496113,56,R
12606410.559189,57,R
12606514.393911,58,R
12606682.543179,57,L
12607115.41283,56,L
12607138.945858,55,L
12607161.491961,54,L
12607191.916937,53,L
12607616.647074,52,L
12609268.570923,51,L
12609364.585328,50,L
12609416.383155,49,L
12609547.900856,48,L
12609601.663568,47,L
12609764.556041,48,R
12609869.749699,47,L
12609946.949014,46,L
12610536.192299,47,R
12612750.895846,48,R
12615023.98594,49,R
12617286.192875,50,R
12620453.677658,49,L
12620519.650433,50,R
12620562.298305,51,R
12620875.678821,52,R
12620914.509532,53,R
12620938.052357,54,R
12620959.686758,55,R
12621094.351771,54,L
12622505.863961,55,R
12622612.906493,54,L
12622817.903396,53,L
12622860.283922,52,L
12622893.124813,51,L
12623211.40036,50,L
12623802.150352,51,R
12625171.300254,52,R
12626443.356534,53,R
12628343.263498,54,R
12628681.35627,55,R
12628739.457878,56,R
12628773.219899,57,R
12628797.234344,58,R
12629599.980243,57,L
12629984.13158,56,L
12630079.269011,55,L
12630107.337299,54,L
12630121.145271,53,L
12630132.69792,52,L
12630142.762304,51,L
12630152.395548,50,L
12630162.369008,49,L
12630173.786863,48,L
12630190.793251,47,L
12630231.917934,48,R
12630246.341375,49,R
12630259.689042,50,R
12630273.412257,51,R
12630290.458699,52,R
12630656.948125,53,R
12630827.530083,54,R
12631008.3307,55,R
12631083.888483,56,R
12631116.402659,57,R
12631222.981354,56,L
12631272.222183,55,L
12631600.237428,56,R
12631661.021981,57,R
12631913.343817,56,L
12631974.106592,55,L
12631996.769122,54,L
12632011.704052,53,L
12632022.549568,52,L
12632032.468881,51,L
12632042.650132,50,L
12632053.163821,49,L
12632064.172556,48,L
12632076.865126,47,L
12632097.765544,46,L
12632245.074245,45,L
12632275.976048,44,L
12632385.321778,43,L
12632429.387492,42,L
12632471.491229,41,L
12632510.077058,40,L
12632704.123456,39,L
12633173.607193,40,R
12634629.053952,41,R
12638003.436054,42,R
12638509.732705,43,R
12638553.041381,44,R
12638847.67931,45,R
12638996.99103,46,R
12640587.369584,45,L
12640752.597253,46,R
12640820.223907,45,L
12640892.738201,44,L
12640943.384429,43,L
12641071.594717,42,L
12642561.83834,43,R
12644372.526987,44,R
12644489.761244,45,R
12644961.53942,44,L
12645014.844594,43,L
12645128.242765,42,L
12645168.906978,41,L
12645347.397783,40,L
12645369.34218,39,L
12645388.833017,38,L
12645497.372215,37,L
12645519.250058,36,L
12645537.339257,35,L
12645558.680927,34,L
12645839.82981,33,L
12645874.854271,32,L
12646044.244412,31,L
12646117.725539,30,L
12646146.067527,29,L
12646182.250889,28,L
12646220.137382,27,L
12646301.307498,28,R
12646755.007626,29,R
12648269.797037,30,R
12651435.503147,29,L
12651468.513927,28,L
12651500.411694,27,L
12651570.29686,28,R
12651603.991459,29,R
12651629.148383,30,R
12651650.53196,31,R
12651726.960269,30,L
12651762.700844,29,L
12651803.400781,28,L
12651831.381017,27,L
12651919.846429,28,R
12651988.942222,27,L
12652003.857414,26,L
12652015.633059,25,L
12652026.955418,24,L
12652040.780187,23,L
12652085.509911,24,R
12652110.476691,25,R
12652128.764609,26,R
12652146.098732,27,R
12652160.801002,28,R
12652175.015468,29,R
12652191.555089,30,R
12652213.095199,31,R
12652262.469733,32,R
12652302.042452,33,R
12652319.336706,34,R
12652332.202125,35,R
12652344.224654,36,R
12652357.81667,37,R
12652408.997074,36,L
12652433.241203,35,L
12652447.65883,34,L
12652461.840148,33,L
12652479.595689,32,L
12652531.083754,33,R
12652545.120519,34,R
12652557.60252,35,R
12652569.631679,36,R
12652581.24592,37,R
12652592.429208,38,R
12652603.976525,39,R
12652617.658594,40,R
12652677.895663,39,L
12652695.4693,38,L
12652710.156348,37,L
12652726.028779,36,L
12652745.475748,35,L
12652767.997412,34,L
12652850.906883,33,L
12652869.305558,32,L
12652886.433612,31,L
12652899.972517,30,L
12652911.073158,29,L
12652921.887416,28,L
12652935.227788,27,L
12652961.60741,26,L
12653195.431669,25,L
12653214.300593,24,L
12653230.855029,23,L
12653246.465725,22,L
12653267.451921,21,L
12653365.670946,22,R
12653455.74588,23,R
12653550.803211,24,R
12653616.970103,23,L
12653660.115008,22,L
12653700.973515,21,L
12653721.011582,20,L
12653737.518093,19,L
12653753.09016,18,L
12653766.342534,17,L
12653778.636466,16,L
12653791.847544,15,L
12653805.976178,14,L
12653886.007098,13,L
12653912.839951,12,L
12653929.519847,11,L
12653942.49232,10,L
12653956.879652,9,L
12654137.896763,10,R
12654250.422345,9,L
12654279.89668,8,L
12654316.793862,7,L
12654406.715596,6,L
12654424.959645,5,L
12654497.765862,6,R
12654518.916981,7,R
12654535.757744,8,R
12654553.019572,9,R
12654571.97718,10,R
12654598.939271,11,R
12654716.961055,10,L
12654846.102886,9,L
12654885.20443,8,L
12654906.837668,7,L
12654924.768353,6,L
12654942.873368,5,L
12654970.026789,4,L
12655165.969499,5,R
12655210.509042,6,R
12655391.108699,5,L
12655424.679024,4,L
12655459.171311,3,L
12655628.293465,2,L
12655670.007177,1,L
12655770.429602,0,L
12655788.461193,-1,L
12655802.195909,-2,L
12655814.117329,-3,L
12655826.570942,-4,L
12655840.706076,-5,L
12655867.79235,-6,L
12656171.200026,-5,R
12656786.49863,-4,R
12657721.929902,-3,R
12658192.361761,-2,R
12658238.376089,-1,R
12658304.146953,0,R
12658462.781566,1,R
12658886.682479,2,R
12660632.748359,3,R
12660712.449973,4,R
12660761.14469,5,R
12661345.461279,4,L
12664928.421768,3,L
12664958.412501,2,L
12664987.629214,1,L
12665080.315969,0,L
12665110.616251,-1,L
12665128.3707,-2,L
12665143.682421,-3,L
12665171.368387,-4,L
12665290.859738,-5,L
12665472.363272,-6,L
12665718.357404,-7,L
12665886.556065,-6,R
12665903.286702,-5,R
12665917.696238,-4,R
12665932.921554,-3,R
12665954.669253,-2,R
12665984.895593,-1,R
12666006.462741,0,R
12666023.529111,1,R
12666037.822983,2,R
12666050.740032,3,R
12666063.449622,4,R
12666075.541669,5,R
12666088.428014,6,R
12666102.462021,7,R
12666121.554127,8,R
12666287.693424,7,L
12666309.952965,6,L
12666332.436927,5,L
12666473.936528,4,L
12666493.790193,3,L
12666511.109151,2,L
12666532.815703,1,L
12666626.468754,0,L
12666670.589863,-1,L
12666698.255737,-2,L
12666716.25194,-3,L
12666730.273114,-4,L
12666744.275307,-5,L
12666760.437622,-6,L
12666815.714242,-5,R
12667287.171078,-6,L
12668033.484306,-7,L
12669040.750047,-6,R
12669943.43354,-5,R
12670015.627164,-4,R
12670046.90839,-3,R
12670094.257155,-2,R
12670120.866514,-1,R
12670141.368462,0,R
12670167.435388,1,R
12673334.395272,2,R
12673522.606712,3,R
12673609.395462,4,R
12677129.543326,5,R
12677713.945506,4,L
12678176.712431,3,L
12678194.477695,2,L
12678208.988693,1,L
12678222.229513,0,L
12678234.827088,-1,L
12678248.412012,-2,L
12678267.995442,-3,L
12678397.247839,-4,L
12678416.596997,-5,L
12678431.599429,-6,L
12678445.783785,-7,L
12678458.747037,-8,L
12678473.662378,-9,L
12678495.015439,-10,L
12678662.201982,-11,L
12678782.680374,-10,R
12678807.326663,-9,R
12679127.745796,-10,L
12679154.538652,-11,L
12679183.838438,-12,L
12679319.95425,-11,R
12679340.373274,-10,R
12679359.821633,-9,R
12679377.82293,-8,R
12679393.340074,-7,R
12679408.724776,-6,R
12679425.370452,-5,R
12679451.379139,-4,R
12679531.038279,-5,L
12679639.833949,-6,L
12679656.853303,-7,L
12679670.723277,-8,L
12679682.377944,-9,L
12679692.872784,-10,L
12679702.378755,-11,L
12679711.15939,-12,L
12679720.376181,-13,L
12679729.626139,-14,L
12679739.237331,-15,L
12679750.240401,-16,L
12679765.21837,-17,L
12679962.784012,-16,R
12680025.429483,-15,R
12680093.366067,-14,R
12680143.442519,-13,R
12680243.107544,-12,R
12680308.985337,-13,L
12680328.444696,-14,L
12680349.585595,-15,L
12680430.243881,-14,R
12680535.720823,-13,R
12680579.976857,-12,R
12680640.933697,-11,R
12680699.30183,-10,R
12680857.47617,-9,R
12680964.983571,-10,L
12681063.406511,-9,R
12681106.488384,-8,R
12681231.254671,-9,L
12681258.03588,-10,L
12681278.871655,-11,L
12681297.86832,-12,L
12681350.548922,-11,R
12681371.523472,-10,R
12681394.655256,-9,R
12681465.795701,-10,L
12681482.553616,-11,L
12681628.459709,-12,L
12681646.634594,-13,L
12681659.866619,-14,L
12681671.549267,-15,L
12681683.251712,-16,L
12681693.832365,-17,L
12681704.177726,-18,L
12681715.183796,-19,L
12681727.402119,-20,L
12681743.842578,-21,L
12681793.842976,-20,R
12681819.726481,-19,R
12681925.151184,-18,R
12682136.131347,-19,L
12682157.207118,-20,L
12682185.338743,-21,L
12682379.822875,-20,R
12683128.696965,-21,L
12683445.323588,-20,R
12684443.704814,-19,R
12686314.614325,-20,L
12686861.678441,-21,L
12689859.476597,-20,R
12693406.527538,-19,R
12695786.014112,-18,R
12699049.487944,-17,R
12699110.175441,-16,R
12699277.286684,-15,R
12699612.044158,-16,L
12699879.904615,-15,R
12700184.567744,-14,R
12700292.050171,-13,R
12700365.726532,-12,R
12700392.900902,-11,R
12700418.090626,-10,R
12700454.952464,-9,R
12700497.581683,-8,R
12700517.800213,-7,R
12700533.701165,-6,R
12700547.885856,-5,R
12700561.769053,-4,R
12700577.955462,-3,R
12700598.039829,-2,R
12700693.659,-3,L
12700715.411258,-4,L
12700746.954093,-5,L
12700791.520162,-6,L
12700819.014525,-7,L
12700845.757236,-8,L
12701248.964348,-7,R
12701296.149789,-6,R
12701320.565844,-5,R
12701431.256855,-6,L
12701445.804723,-7,L
12701457.376968,-8,L
12701467.508371,-9,L
12701477.636108,-10,L
12701489.018931,-11,L
12701502.804463,-12,L
12701531.072903,-13,L
12701578.133772,-14,L
12701591.775326,-15,L
12701602.003191,-16,L
12701610.809825,-17,L
12701619.202468,-18,L
12701628.3323,-19,L
12701639.290038,-20,L
12701653.880184,-21,L
12701877.312404,-20,R
12701924.120872,-19,R
12702072.947324,-20,L
12702218.872613,-21,L
12702246.62636,-22,L
12702686.506333,-21,R
12702712.512986,-20,R
12702731.489246,-19,R
12702750.938199,-18,R
12702777.236235,-17,R
12703077.961318,-18,L
12703255.290095,-19,L
12703303.814731,-20,L
12703343.551584,-21,L
12704049.34669,-20,R
12704771.179802,-21,L
12704965.00165,-20,R
12705171.632402,-19,R
12705709.444913,-18,R
12707132.126653,-17,R
12711210.225856,-18,L
12711623.87551,-17,R
12711822.714482,-18,L
12711937.905757,-19,L
12711991.257055,-20,L
12713202.125953,-19,R
12713247.678207,-18,R
12713498.792649,-17,R
12713647.85427,-18,L
12713678.304684,-19,L
12713942.134182,-20,L
12713981.252123,-21,L
12714003.829792,-22,L
12714032.222248,-23,L
12714135.348382,-24,L
12714648.692818,-25,L
12714788.783382,-26,L
12714897.662676,-25,R
12714944.268779,-24,R
12714964.242797,-23,R
12714982.460628,-22,R
12715002.378888,-21,R
12715039.97125,-20,R
12715120.858097,-19,R
12715147.408073,-18,R
12715168.175852,-17,R
12715226.498383,-16,R
12715271.745162,-17,L
12715352.160649,-18,L
12715375.517913,-19,L
12715393.801761,-20,L
12715411.97476,-21,L
12715427.656347,-22,L
12715441.84228,-23,L
12715455.937121,-24,L
12715469.040909,-25,L
12715481.468489,-26,L
12715495.139376,-27,L
12715551.742386,-26,R
12715605.946983,-27,L
12715695.120735,-28,L
12715793.933476,-29,L
12715905.214351,-30,L
12715927.038442,-31,L
12715941.743345,-32,L
12715956.824797,-33,L
12715974.596785,-34,L
12716037.188099,-33,R
12720188.70951,-32,R
12721564.318749,-33,L
12722556.236971,-32,R
12724447.53298,-31,R
12727002.900555,-30,R
12727437.040074,-31,L
12727570.365245,-32,L
12727837.394765,-33,L
12728101.050575,-32,R
12728152.315512,-31,R
12728332.447229,-32,L
12729020.713941,-31,R
12729054.392348,-30,R
12729079.013938,-29,R
12729102.134615,-28,R
12729146.685411,-27,R
12729215.094332,-26,R
12729287.008292,-25,R
12729314.2447,-24,R
12729338.726997,-23,R
12729364.949352,-22,R
12729391.893654,-21,R
12729415.992367,-20,R
12729513.0245,-19,R
12729576.328377,-18,R
12729661.44255,-17,R
12729698.46261,-16,R
12729876.509112,-17,L
12729926.294246,-18,L
12730013.85698,-19,L
12730162.604949,-20,L
12730283.14877,-21,L
12730318.479754,-22,L
12730335.559276,-23,L
12730350.932685,-24,L
12730367.269834,-25,L
12730387.060949,-26,L
12730511.790889,-25,R
12730617.478495,-26,L
12730662.298248,-27,L
12730731.671298,-28,L
12730870.985015,-27,R
12730959.646746,-28,L
12730991.904366,-29,L
12731025.199299,-30,L
12731152.02516,-31,L
12731170.431303,-32,L
12731184.100488,-33,L
12731197.19648,-34,L
12731210.867331,-35,L
12731225.657752,-36,L
12731241.755906,-37,L
12731261.898718,-38,L
12731386.477939,-37,R
12732616.128205,-38,L
12733277.83721,-37,R
12733802.250752,-36,R
12736516.030742,-35,R
12736943.321675,-36,L
12738482.10112,-35,R
12739404.197044,-34,R
12740674.287023,-33,R
12741893.607188,-34,L
12742331.19366,-33,R
12743804.062473,-34,L
12743858.988968,-35,L
12743890.800747,-36,L
12744058.188659,-35,R
12744355.542485,-34,R
12745250.447277,-33,R
12748219.537966,-32,R
12752544.658119,-33,L
12752667.450886,-34,L
12753855.751101,-33,R
12754261.315166,-34,L
12754300.614202,-35,L
12754411.867074,-36,L
12754965.935998,-35,R
12755630.967745,-34,R
12757036.382401,-33,R
12758929.300622,-32,R
12759763.751258,-31,R
12762845.877562,-30,R
12763308.640703,-29,R
12763649.48263,-30,L
12763826.075885,-31,L
12763908.486567,-32,L
12763960.843618,-33,L
